Date time,Voeding (g),FOS/TAC,pH,CH4,CO2,Bal,Voeding 23h,Voeding 47h,Voeding 71h,Voeding 95h,Voeding 119h,Voeding 143h,Voeding 167h,Gemiddelde gasproductie (L/dag)
20-4-2022 10:00,19.6,0.329,8.15,70.3,25.6,3.6,19.60,19.60,19.60,19.60,19.60,19.60,19.60,6.50
20-4-2022 11:00,0.0,0.330,8.14,69.4,26.3,3.7,19.60,19.60,19.60,19.60,19.60,19.60,19.60,6.70
20-4-2022 12:00,0.0,0.330,8.13,68.5,27.1,3.8,19.60,19.60,19.60,19.60,19.60,19.60,19.60,6.90
20-4-2022 13:00,0.0,0.331,8.12,67.7,27.8,4.0,19.60,19.60,19.60,19.60,19.60,19.60,19.60,7.10
20-4-2022 14:00,0.0,0.331,8.11,66.8,28.6,4.1,19.60,19.60,19.60,19.60,19.60,19.60,19.60,7.30
20-4-2022 15:00,0.0,0.332,8.10,65.9,29.3,4.2,19.60,19.60,19.60,19.60,19.60,19.60,19.60,7.70
20-4-2022 16:00,39.2,0.332,8.09,65.0,30.1,4.3,58.80,58.80,58.80,58.80,58.80,58.80,58.80,8.28
20-4-2022 17:00,0.0,0.333,8.08,64.1,30.8,4.4,58.80,58.80,58.80,58.80,58.80,58.80,58.80,8.94
20-4-2022 18:00,0.0,0.334,8.07,63.2,31.5,4.5,58.80,58.80,58.80,58.80,58.80,58.80,58.80,10.20
20-4-2022 19:00,0.0,0.334,8.06,62.4,32.3,4.7,58.80,58.80,58.80,58.80,58.80,58.80,58.80,11.34
20-4-2022 20:00,0.0,0.335,8.05,61.5,33.0,4.8,58.80,58.80,58.80,58.80,58.80,58.80,58.80,12.48
20-4-2022 21:00,0.0,0.335,8.04,60.6,33.8,4.9,58.80,58.80,58.80,58.80,58.80,58.80,58.80,13.68
20-4-2022 22:00,0.0,0.336,8.04,59.7,34.5,5.0,58.80,58.80,58.80,58.80,58.80,58.80,58.80,14.52
20-4-2022 23:00,0.0,0.336,8.03,58.8,35.3,5.1,58.80,58.80,58.80,58.80,58.80,58.80,58.80,14.28
21-4-2022 00:00,0.0,0.337,8.02,57.9,36.0,5.2,58.80,58.80,58.80,58.80,58.80,58.80,58.80,13.14
21-4-2022 01:00,0.0,0.337,8.01,57.1,36.8,5.4,58.80,58.80,58.80,58.80,58.80,58.80,58.80,11.64
21-4-2022 02:00,0.0,0.338,8.00,56.2,37.5,5.5,58.80,58.80,58.80,58.80,58.80,58.80,58.80,10.74
21-4-2022 03:00,0.0,0.339,7.99,55.3,38.2,5.6,58.80,58.80,58.80,58.80,58.80,58.80,58.80,9.84
21-4-2022 04:00,0.0,0.339,7.98,54.4,39.0,5.7,58.80,58.80,58.80,58.80,58.80,58.80,58.80,9.60
21-4-2022 05:00,0.0,0.340,7.97,53.5,39.7,5.8,58.80,58.80,58.80,58.80,58.80,58.80,58.80,9.36
21-4-2022 06:00,0.0,0.340,7.96,52.6,40.5,5.9,58.80,58.80,58.80,58.80,58.80,58.80,58.80,8.58
21-4-2022 07:00,0.0,0.341,7.95,51.8,41.2,6.1,58.80,58.80,58.80,58.80,58.80,58.80,58.80,8.76
21-4-2022 08:00,0.0,0.341,7.94,50.9,42.0,6.2,58.80,58.80,58.80,58.80,58.80,58.80,58.80,8.52
21-4-2022 09:00,0.0,0.342,7.93,50.0,42.7,6.3,58.80,58.80,58.80,58.80,58.80,58.80,58.80,8.70
21-4-2022 10:00,24.5,0.342,7.93,49.8,43.0,6.3,63.70,83.30,83.30,83.30,83.30,83.30,83.30,8.70
21-4-2022 11:00,0.0,0.342,7.93,49.6,43.3,6.2,63.70,83.30,83.30,83.30,83.30,83.30,83.30,8.94
21-4-2022 12:00,0.0,0.341,7.93,49.4,43.5,6.2,63.70,83.30,83.30,83.30,83.30,83.30,83.30,9.90
21-4-2022 13:00,0.0,0.341,7.93,49.1,43.8,6.2,63.70,83.30,83.30,83.30,83.30,83.30,83.30,10.02
21-4-2022 14:00,0.0,0.341,7.93,48.9,44.1,6.1,63.70,83.30,83.30,83.30,83.30,83.30,83.30,10.20
21-4-2022 15:00,0.0,0.341,7.93,48.7,44.4,6.1,63.70,83.30,83.30,83.30,83.30,83.30,83.30,11.88
21-4-2022 16:00,49.0,0.340,7.93,48.5,44.6,6.0,73.50,132.30,132.30,132.30,132.30,132.30,132.30,12.12
21-4-2022 17:00,0.0,0.340,7.93,48.3,44.9,6.0,73.50,132.30,132.30,132.30,132.30,132.30,132.30,13.14
21-4-2022 18:00,0.0,0.340,7.93,48.1,45.2,6.0,73.50,132.30,132.30,132.30,132.30,132.30,132.30,14.34
21-4-2022 19:00,0.0,0.340,7.93,47.8,45.5,5.9,73.50,132.30,132.30,132.30,132.30,132.30,132.30,15.30
21-4-2022 20:00,0.0,0.339,7.93,47.6,45.7,5.9,73.50,132.30,132.30,132.30,132.30,132.30,132.30,16.44
21-4-2022 21:00,0.0,0.339,7.93,47.4,46.0,5.9,73.50,132.30,132.30,132.30,132.30,132.30,132.30,17.70
21-4-2022 22:00,0.0,0.339,7.93,47.2,46.3,5.8,73.50,132.30,132.30,132.30,132.30,132.30,132.30,18.00
21-4-2022 23:00,0.0,0.339,7.93,47.0,46.6,5.8,73.50,132.30,132.30,132.30,132.30,132.30,132.30,17.88
22-4-2022 00:00,0.0,0.338,7.93,46.8,46.8,5.7,73.50,132.30,132.30,132.30,132.30,132.30,132.30,17.10
22-4-2022 01:00,0.0,0.338,7.93,46.5,47.1,5.7,73.50,132.30,132.30,132.30,132.30,132.30,132.30,15.00
22-4-2022 02:00,0.0,0.338,7.93,46.3,47.4,5.7,73.50,132.30,132.30,132.30,132.30,132.30,132.30,13.86
22-4-2022 03:00,0.0,0.338,7.93,46.1,47.7,5.6,73.50,132.30,132.30,132.30,132.30,132.30,132.30,12.84
22-4-2022 04:00,0.0,0.337,7.93,45.9,47.9,5.6,73.50,132.30,132.30,132.30,132.30,132.30,132.30,12.06
22-4-2022 05:00,0.0,0.337,7.93,45.7,48.2,5.6,73.50,132.30,132.30,132.30,132.30,132.30,132.30,11.52
22-4-2022 06:00,0.0,0.337,7.93,45.5,48.5,5.5,73.50,132.30,132.30,132.30,132.30,132.30,132.30,10.92
22-4-2022 07:00,0.0,0.337,7.93,45.2,48.8,5.5,73.50,132.30,132.30,132.30,132.30,132.30,132.30,10.68
22-4-2022 08:00,0.0,0.336,7.93,45.0,49.0,5.4,73.50,132.30,132.30,132.30,132.30,132.30,132.30,10.38
22-4-2022 09:00,0.0,0.336,7.93,44.8,49.3,5.4,73.50,132.30,132.30,132.30,132.30,132.30,132.30,10.40
22-4-2022 10:00,34.3,0.335,7.93,45.1,49.0,5.4,83.30,147.00,166.60,166.60,166.60,166.60,166.60,10.40
22-4-2022 11:00,0.0,0.335,7.94,45.4,48.7,5.3,83.30,147.00,166.60,166.60,166.60,166.60,166.60,10.40
22-4-2022 12:00,0.0,0.334,7.94,45.7,48.5,5.3,83.30,147.00,166.60,166.60,166.60,166.60,166.60,11.88
22-4-2022 13:00,0.0,0.334,7.95,46.0,48.2,5.3,83.30,147.00,166.60,166.60,166.60,166.60,166.60,12.36
22-4-2022 14:00,0.0,0.333,7.95,46.4,47.9,5.2,83.30,147.00,166.60,166.60,166.60,166.60,166.60,12.42
22-4-2022 15:00,0.0,0.333,7.95,46.7,47.6,5.2,83.30,147.00,166.60,166.60,166.60,166.60,166.60,15.24
22-4-2022 16:00,68.6,0.332,7.96,47.0,47.3,5.2,102.90,176.40,235.20,235.20,235.20,235.20,235.20,15.54
22-4-2022 17:00,0.0,0.332,7.96,47.3,47.1,5.2,102.90,176.40,235.20,235.20,235.20,235.20,235.20,17.64
22-4-2022 18:00,0.0,0.331,7.97,47.6,46.8,5.1,102.90,176.40,235.20,235.20,235.20,235.20,235.20,18.96
22-4-2022 19:00,0.0,0.331,7.97,47.9,46.5,5.1,102.90,176.40,235.20,235.20,235.20,235.20,235.20,21.00
22-4-2022 20:00,0.0,0.330,7.98,48.2,46.2,5.1,102.90,176.40,235.20,235.20,235.20,235.20,235.20,22.92
22-4-2022 21:00,0.0,0.330,7.98,48.5,45.9,5.0,102.90,176.40,235.20,235.20,235.20,235.20,235.20,24.36
25-4-2022 14:00,0.0,0.302,8.20,67.3,29.0,3.2,29.40,29.40,98.00,181.30,245.00,264.60,264.60,8.70
25-4-2022 15:00,0.0,0.303,8.19,67.3,29.0,3.2,29.40,29.40,98.00,181.30,245.00,264.60,264.60,11.64
25-4-2022 16:00,58.8,0.304,8.18,67.2,29.0,3.3,88.20,88.20,88.20,191.10,264.60,323.40,323.40,10.50
25-4-2022 17:00,0.0,0.305,8.18,67.2,29.1,3.3,88.20,88.20,88.20,191.10,264.60,323.40,323.40,8.10
25-4-2022 18:00,0.0,0.306,8.17,67.1,29.1,3.3,88.20,88.20,88.20,191.10,264.60,323.40,323.40,6.50
25-4-2022 19:00,0.0,0.307,8.16,67.1,29.2,3.3,88.20,88.20,88.20,191.10,264.60,323.40,323.40,5.50
25-4-2022 20:00,0.0,0.308,8.15,67.0,29.2,3.3,88.20,88.20,88.20,191.10,264.60,323.40,323.40,4.60
25-4-2022 21:00,0.0,0.309,8.14,67.0,29.2,3.3,88.20,88.20,88.20,191.10,264.60,323.40,323.40,3.70
25-4-2022 22:00,0.0,0.311,8.14,66.9,29.3,3.3,88.20,88.20,88.20,191.10,264.60,323.40,323.40,2.90
25-4-2022 23:00,0.0,0.312,8.13,66.9,29.3,3.3,88.20,88.20,88.20,191.10,264.60,323.40,323.40,2.10
26-4-2022 00:00,0.0,0.313,8.12,66.8,29.3,3.3,88.20,88.20,88.20,191.10,264.60,323.40,323.40,1.80
26-4-2022 01:00,0.0,0.314,8.11,66.8,29.4,3.3,88.20,88.20,88.20,191.10,264.60,323.40,323.40,1.50
26-4-2022 02:00,0.0,0.315,8.10,66.7,29.4,3.3,88.20,88.20,88.20,191.10,264.60,323.40,323.40,1.00
26-4-2022 03:00,0.0,0.316,8.10,66.7,29.5,3.3,88.20,88.20,88.20,191.10,264.60,323.40,323.40,0.50
26-4-2022 04:00,0.0,0.317,8.09,66.6,29.5,3.4,88.20,88.20,88.20,191.10,264.60,323.40,323.40,0.00
26-4-2022 05:00,0.0,0.318,8.08,66.6,29.5,3.4,88.20,88.20,88.20,191.10,264.60,323.40,323.40,0.00
26-4-2022 06:00,0.0,0.319,8.07,66.5,29.6,3.4,88.20,88.20,88.20,191.10,264.60,323.40,323.40,0.00
26-4-2022 07:00,0.0,0.320,8.07,66.5,29.6,3.4,88.20,88.20,88.20,191.10,264.60,323.40,323.40,0.00
26-4-2022 08:00,0.0,0.321,8.06,66.4,29.7,3.4,88.20,88.20,88.20,191.10,264.60,323.40,323.40,0.00
26-4-2022 09:00,0.0,0.322,8.05,66.4,29.7,3.4,88.20,88.20,88.20,191.10,264.60,323.40,323.40,0.00
26-4-2022 10:00,34.3,0.322,8.05,66.4,29.7,3.4,93.10,122.50,122.50,191.10,274.40,338.10,357.70,7.00
26-4-2022 11:00,0.0,0.321,8.06,66.5,29.7,3.4,93.10,122.50,122.50,191.10,274.40,338.10,357.70,9.00
26-4-2022 12:00,0.0,0.321,8.06,66.5,29.6,3.4,93.10,122.50,122.50,191.10,274.40,338.10,357.70,12.00
26-4-2022 13:00,0.0,0.321,8.06,66.5,29.6,3.4,93.10,122.50,122.50,191.10,274.40,338.10,357.70,14.00
26-4-2022 14:00,0.0,0.320,8.07,66.5,29.6,3.4,93.10,122.50,122.50,191.10,274.40,338.10,357.70,16.00
26-4-2022 15:00,0.0,0.320,8.07,66.6,29.6,3.4,93.10,122.50,122.50,191.10,274.40,338.10,357.70,21.00
26-4-2022 16:00,68.6,0.320,8.07,66.6,29.5,3.4,102.90,191.10,191.10,191.10,294.00,367.50,426.30,23.70
26-4-2022 17:00,0.0,0.319,8.08,66.6,29.5,3.4,102.90,191.10,191.10,191.10,294.00,367.50,426.30,26.04
26-4-2022 18:00,0.0,0.319,8.08,66.7,29.5,3.4,102.90,191.10,191.10,191.10,294.00,367.50,426.30,31.14
26-4-2022 19:00,0.0,0.319,8.08,66.7,29.5,3.4,102.90,191.10,191.10,191.10,294.00,367.50,426.30,35.58
26-4-2022 20:00,0.0,0.318,8.09,66.7,29.5,3.4,102.90,191.10,191.10,191.10,294.00,367.50,426.30,38.82
26-4-2022 21:00,0.0,0.318,8.09,66.7,29.4,3.4,102.90,191.10,191.10,191.10,294.00,367.50,426.30,38.34
26-4-2022 22:00,0.0,0.317,8.09,66.8,29.4,3.4,102.90,191.10,191.10,191.10,294.00,367.50,426.30,34.98
26-4-2022 23:00,0.0,0.317,8.10,66.8,29.4,3.4,102.90,191.10,191.10,191.10,294.00,367.50,426.30,29.70
27-4-2022 00:00,0.0,0.317,8.10,66.8,29.4,3.4,102.90,191.10,191.10,191.10,294.00,367.50,426.30,25.86
27-4-2022 01:00,0.0,0.316,8.10,66.9,29.3,3.4,102.90,191.10,191.10,191.10,294.00,367.50,426.30,23.28
27-4-2022 02:00,0.0,0.316,8.11,66.9,29.3,3.4,102.90,191.10,191.10,191.10,294.00,367.50,426.30,21.24
27-4-2022 03:00,0.0,0.316,8.11,66.9,29.3,3.4,102.90,191.10,191.10,191.10,294.00,367.50,426.30,20.34
27-4-2022 04:00,0.0,0.315,8.11,66.9,29.3,3.4,102.90,191.10,191.10,191.10,294.00,367.50,426.30,18.78
27-4-2022 05:00,0.0,0.315,8.12,67.0,29.3,3.4,102.90,191.10,191.10,191.10,294.00,367.50,426.30,18.36
27-4-2022 06:00,0.0,0.315,8.12,67.0,29.2,3.4,102.90,191.10,191.10,191.10,294.00,367.50,426.30,17.46
27-4-2022 07:00,0.0,0.314,8.12,67.0,29.2,3.4,102.90,191.10,191.10,191.10,294.00,367.50,426.30,17.22
27-4-2022 08:00,0.0,0.314,8.13,67.1,29.2,3.4,102.90,191.10,191.10,191.10,294.00,367.50,426.30,16.20
27-4-2022 09:00,0.0,0.314,8.13,67.1,29.2,3.4,102.90,191.10,191.10,191.10,294.00,367.50,426.30,16.02
27-4-2022 10:00,0.0,0.313,8.13,67.1,29.1,3.3,68.60,161.70,191.10,191.10,259.70,343.00,406.70,15.84
27-4-2022 11:00,0.0,0.313,8.13,67.1,29.1,3.3,68.60,161.70,191.10,191.10,259.70,343.00,406.70,15.06
27-4-2022 12:00,0.0,0.313,8.14,67.2,29.1,3.3,68.60,161.70,191.10,191.10,259.70,343.00,406.70,15.12
27-4-2022 13:00,0.0,0.312,8.14,67.2,29.1,3.3,68.60,161.70,191.10,191.10,259.70,343.00,406.70,14.82
27-4-2022 14:00,0.0,0.312,8.14,67.2,29.0,3.3,68.60,161.70,191.10,191.10,259.70,343.00,406.70,14.58
27-4-2022 15:00,0.0,0.312,8.15,67.3,29.0,3.3,68.60,161.70,191.10,191.10,259.70,343.00,406.70,13.98
27-4-2022 16:00,0.0,0.311,8.15,67.3,29.0,3.3,0.00,102.90,191.10,191.10,191.10,294.00,367.50,14.04
27-4-2022 17:00,0.0,0.311,8.15,67.3,29.0,3.3,0.00,102.90,191.10,191.10,191.10,294.00,367.50,13.92
27-4-2022 18:00,0.0,0.311,8.16,67.3,29.0,3.3,0.00,102.90,191.10,191.10,191.10,294.00,367.50,13.56
27-4-2022 19:00,0.0,0.310,8.16,67.4,28.9,3.3,0.00,102.90,191.10,191.10,191.10,294.00,367.50,13.02
27-4-2022 20:00,0.0,0.310,8.16,67.4,28.9,3.3,0.00,102.90,191.10,191.10,191.10,294.00,367.50,13.44
27-4-2022 21:00,0.0,0.310,8.17,67.4,28.9,3.3,0.00,102.90,191.10,191.10,191.10,294.00,367.50,13.14
27-4-2022 22:00,0.0,0.309,8.17,67.5,28.9,3.3,0.00,102.90,191.10,191.10,191.10,294.00,367.50,12.90
27-4-2022 23:00,0.0,0.309,8.17,67.5,28.8,3.3,0.00,102.90,191.10,191.10,191.10,294.00,367.50,12.30
28-4-2022 00:00,0.0,0.308,8.18,67.5,28.8,3.3,0.00,102.90,191.10,191.10,191.10,294.00,367.50,12.36
28-4-2022 01:00,0.0,0.308,8.18,67.5,28.8,3.3,0.00,102.90,191.10,191.10,191.10,294.00,367.50,12.24
28-4-2022 02:00,0.0,0.308,8.18,67.6,28.8,3.3,0.00,102.90,191.10,191.10,191.10,294.00,367.50,11.88
28-4-2022 03:00,0.0,0.307,8.19,67.6,28.8,3.3,0.00,102.90,191.10,191.10,191.10,294.00,367.50,11.34
28-4-2022 04:00,0.0,0.307,8.19,67.6,28.7,3.3,0.00,102.90,191.10,191.10,191.10,294.00,367.50,11.76
28-4-2022 05:00,0.0,0.307,8.19,67.7,28.7,3.3,0.00,102.90,191.10,191.10,191.10,294.00,367.50,11.46
28-4-2022 06:00,0.0,0.306,8.20,67.7,28.7,3.3,0.00,102.90,191.10,191.10,191.10,294.00,367.50,11.22
28-4-2022 07:00,0.0,0.306,8.20,67.7,28.7,3.3,0.00,102.90,191.10,191.10,191.10,294.00,367.50,10.62
28-4-2022 08:00,0.0,0.306,8.20,67.7,28.6,3.3,0.00,102.90,191.10,191.10,191.10,294.00,367.50,10.68
28-4-2022 09:00,0.0,0.305,8.21,67.8,28.6,3.3,0.00,102.90,191.10,191.10,191.10,294.00,367.50,10.56
28-4-2022 10:00,32.7,0.305,8.21,67.8,28.6,3.3,32.70,101.30,194.40,223.80,223.80,292.40,375.70,10.20
28-4-2022 11:00,0.0,0.304,8.21,67.7,28.6,3.3,32.70,101.30,194.40,223.80,223.80,292.40,375.70,10.98
28-4-2022 12:00,0.0,0.304,8.21,67.7,28.7,3.3,32.70,101.30,194.40,223.80,223.80,292.40,375.70,10.20
28-4-2022 13:00,0.0,0.303,8.21,67.6,28.7,3.3,32.70,101.30,194.40,223.80,223.80,292.40,375.70,9.24
28-4-2022 14:00,0.0,0.302,8.21,67.6,28.7,3.4,32.70,101.30,194.40,223.80,223.80,292.40,375.70,9.72
28-4-2022 15:00,0.0,0.302,8.21,67.5,28.8,3.4,32.70,101.30,194.40,223.80,223.80,292.40,375.70,10.50
28-4-2022 16:00,65.3,0.301,8.21,67.5,28.8,3.4,98.00,98.00,200.90,289.10,289.10,289.10,392.00,11.16
28-4-2022 17:00,0.0,0.300,8.21,67.4,28.8,3.4,98.00,98.00,200.90,289.10,289.10,289.10,392.00,11.46
28-4-2022 18:00,0.0,0.299,8.21,67.4,28.8,3.4,98.00,98.00,200.90,289.10,289.10,289.10,392.00,10.80
28-4-2022 19:00,0.0,0.299,8.21,67.3,28.9,3.4,98.00,98.00,200.90,289.10,289.10,289.10,392.00,10.30
28-4-2022 20:00,0.0,0.298,8.21,67.3,28.9,3.4,98.00,98.00,200.90,289.10,289.10,289.10,392.00,10.10
28-4-2022 21:00,0.0,0.297,8.21,67.2,28.9,3.4,98.00,98.00,200.90,289.10,289.10,289.10,392.00,9.85
28-4-2022 22:00,0.0,0.297,8.20,67.2,29.0,3.5,98.00,98.00,200.90,289.10,289.10,289.10,392.00,9.66
28-4-2022 23:00,0.0,0.296,8.20,67.1,29.0,3.5,98.00,98.00,200.90,289.10,289.10,289.10,392.00,9.48
29-4-2022 00:00,0.0,0.295,8.20,67.1,29.0,3.5,98.00,98.00,200.90,289.10,289.10,289.10,392.00,9.60
29-4-2022 01:00,0.0,0.295,8.20,67.0,29.1,3.5,98.00,98.00,200.90,289.10,289.10,289.10,392.00,9.78
29-4-2022 02:00,0.0,0.294,8.20,67.0,29.1,3.5,98.00,98.00,200.90,289.10,289.10,289.10,392.00,10.50
29-4-2022 03:00,0.0,0.293,8.20,66.9,29.1,3.5,98.00,98.00,200.90,289.10,289.10,289.10,392.00,12.00
29-4-2022 04:00,0.0,0.292,8.20,66.9,29.1,3.5,98.00,98.00,200.90,289.10,289.10,289.10,392.00,13.02
29-4-2022 05:00,0.0,0.292,8.20,66.8,29.2,3.5,98.00,98.00,200.90,289.10,289.10,289.10,392.00,13.08
29-4-2022 06:00,0.0,0.291,8.20,66.8,29.2,3.6,98.00,98.00,200.90,289.10,289.10,289.10,392.00,13.14
29-4-2022 07:00,0.0,0.290,8.20,66.7,29.2,3.6,98.00,98.00,200.90,289.10,289.10,289.10,392.00,13.00
29-4-2022 08:00,0.0,0.290,8.20,66.7,29.3,3.6,98.00,98.00,200.90,289.10,289.10,289.10,392.00,13.00
29-4-2022 09:00,0.0,0.289,8.20,66.6,29.3,3.6,98.00,98.00,200.90,289.10,289.10,289.10,392.00,13.00
29-4-2022 10:00,45.7,0.289,8.20,66.6,29.3,3.6,111.00,143.70,212.30,305.40,334.80,334.80,403.40,13.00
29-4-2022 11:00,0.0,0.289,8.20,66.6,29.3,3.6,111.00,143.70,212.30,305.40,334.80,334.80,403.40,13.00
29-4-2022 12:00,0.0,0.288,8.20,66.5,29.3,3.6,111.00,143.70,212.30,305.40,334.80,334.80,403.40,13.14
29-4-2022 13:00,0.0,0.288,8.20,66.5,29.3,3.7,111.00,143.70,212.30,305.40,334.80,334.80,403.40,15.00
29-4-2022 14:00,0.0,0.288,8.19,66.5,29.3,3.7,111.00,143.70,212.30,305.40,334.80,334.80,403.40,16.44
29-4-2022 15:00,0.0,0.288,8.19,66.5,29.3,3.7,111.00,143.70,212.30,305.40,334.80,334.80,403.40,17.28
29-4-2022 16:00,91.3,0.288,8.19,66.4,29.3,3.7,137.00,235.00,235.00,337.90,426.10,426.10,426.10,25.20
29-4-2022 17:00,0.0,0.288,8.19,66.4,29.3,3.7,137.00,235.00,235.00,337.90,426.10,426.10,426.10,27.36
29-4-2022 18:00,0.0,0.287,8.19,66.4,29.4,3.7,137.00,235.00,235.00,337.90,426.10,426.10,426.10,32.34
29-4-2022 19:00,0.0,0.287,8.19,66.4,29.4,3.7,137.00,235.00,235.00,337.90,426.10,426.10,426.10,37.44
29-4-2022 20:00,0.0,0.287,8.19,66.3,29.4,3.7,137.00,235.00,235.00,337.90,426.10,426.10,426.10,43.20
29-4-2022 21:00,0.0,0.287,8.19,66.3,29.4,3.8,137.00,235.00,235.00,337.90,426.10,426.10,426.10,43.02
29-4-2022 22:00,0.0,0.287,8.18,66.3,29.4,3.8,137.00,235.00,235.00,337.90,426.10,426.10,426.10,42.00
29-4-2022 23:00,0.0,0.287,8.18,66.3,29.4,3.8,137.00,235.00,235.00,337.90,426.10,426.10,426.10,39.96
30-4-2022 00:00,0.0,0.286,8.18,66.2,29.4,3.8,137.00,235.00,235.00,337.90,426.10,426.10,426.10,33.90
30-4-2022 01:00,0.0,0.286,8.18,66.2,29.4,3.8,137.00,235.00,235.00,337.90,426.10,426.10,426.10,32.00
30-4-2022 02:00,0.0,0.286,8.18,66.2,29.4,3.8,137.00,235.00,235.00,337.90,426.10,426.10,426.10,30.00
30-4-2022 03:00,0.0,0.286,8.18,66.2,29.4,3.8,137.00,235.00,235.00,337.90,426.10,426.10,426.10,28.30
30-4-2022 04:00,0.0,0.286,8.18,66.1,29.4,3.8,137.00,235.00,235.00,337.90,426.10,426.10,426.10,26.34
30-4-2022 05:00,0.0,0.286,8.18,66.1,29.4,3.9,137.00,235.00,235.00,337.90,426.10,426.10,426.10,23.82
30-4-2022 06:00,0.0,0.285,8.18,66.1,29.4,3.9,137.00,235.00,235.00,337.90,426.10,426.10,426.10,22.08
30-4-2022 07:00,0.0,0.285,8.17,66.1,29.4,3.9,137.00,235.00,235.00,337.90,426.10,426.10,426.10,20.76
30-4-2022 08:00,0.0,0.285,8.17,66.0,29.4,3.9,137.00,235.00,235.00,337.90,426.10,426.10,426.10,20.04
30-4-2022 09:00,0.0,0.285,8.17,66.0,29.4,3.9,137.00,235.00,235.00,337.90,426.10,426.10,426.10,20.00
30-4-2022 10:00,0.0,0.285,8.17,66.0,29.5,3.9,91.30,202.30,235.00,303.60,396.70,426.10,426.10,19.92
30-4-2022 11:00,0.0,0.285,8.17,66.0,29.5,3.9,91.30,202.30,235.00,303.60,396.70,426.10,426.10,20.10
30-4-2022 12:00,0.0,0.284,8.17,66.0,29.5,4.0,91.30,202.30,235.00,303.60,396.70,426.10,426.10,19.50
30-4-2022 13:00,0.0,0.284,8.17,65.9,29.5,4.0,91.30,202.30,235.00,303.60,396.70,426.10,426.10,18.90
30-4-2022 14:00,0.0,0.284,8.17,65.9,29.5,4.0,91.30,202.30,235.00,303.60,396.70,426.10,426.10,18.10
30-4-2022 15:00,0.0,0.284,8.17,65.9,29.5,4.0,91.30,202.30,235.00,303.60,396.70,426.10,426.10,17.60
30-4-2022 16:00,0.0,0.284,8.16,65.9,29.5,4.0,0.00,137.00,235.00,235.00,337.90,426.10,426.10,17.00
30-4-2022 17:00,0.0,0.284,8.16,65.8,29.5,4.0,0.00,137.00,235.00,235.00,337.90,426.10,426.10,16.70
30-4-2022 18:00,0.0,0.283,8.16,65.8,29.5,4.0,0.00,137.00,235.00,235.00,337.90,426.10,426.10,16.00
30-4-2022 19:00,0.0,0.283,8.16,65.8,29.5,4.0,0.00,137.00,235.00,235.00,337.90,426.10,426.10,15.00
30-4-2022 20:00,0.0,0.283,8.16,65.8,29.5,4.1,0.00,137.00,235.00,235.00,337.90,426.10,426.10,14.22
30-4-2022 21:00,0.0,0.283,8.16,65.7,29.5,4.1,0.00,137.00,235.00,235.00,337.90,426.10,426.10,13.80
30-4-2022 22:00,0.0,0.283,8.16,65.7,29.5,4.1,0.00,137.00,235.00,235.00,337.90,426.10,426.10,13.70
30-4-2022 23:00,0.0,0.283,8.16,65.7,29.5,4.1,0.00,137.00,235.00,235.00,337.90,426.10,426.10,13.60
1-5-2022 00:00,0.0,0.282,8.15,65.7,29.5,4.1,0.00,137.00,235.00,235.00,337.90,426.10,426.10,13.50
1-5-2022 01:00,0.0,0.282,8.15,65.6,29.5,4.1,0.00,137.00,235.00,235.00,337.90,426.10,426.10,13.20
1-5-2022 02:00,0.0,0.282,8.15,65.6,29.5,4.1,0.00,137.00,235.00,235.00,337.90,426.10,426.10,13.44
1-5-2022 03:00,0.0,0.282,8.15,65.6,29.6,4.1,0.00,137.00,235.00,235.00,337.90,426.10,426.10,13.50
1-5-2022 04:00,0.0,0.282,8.15,65.6,29.6,4.2,0.00,137.00,235.00,235.00,337.90,426.10,426.10,12.96
1-5-2022 05:00,0.0,0.282,8.15,65.5,29.6,4.2,0.00,137.00,235.00,235.00,337.90,426.10,426.10,12.66
1-5-2022 06:00,0.0,0.281,8.15,65.5,29.6,4.2,0.00,137.00,235.00,235.00,337.90,426.10,426.10,12.18
1-5-2022 07:00,0.0,0.281,8.15,65.5,29.6,4.2,0.00,137.00,235.00,235.00,337.90,426.10,426.10,11.34
1-5-2022 08:00,0.0,0.281,8.15,65.5,29.6,4.2,0.00,137.00,235.00,235.00,337.90,426.10,426.10,11.46
1-5-2022 09:00,0.0,0.281,8.14,65.4,29.6,4.2,0.00,137.00,235.00,235.00,337.90,426.10,426.10,10.98
1-5-2022 10:00,0.0,0.281,8.14,65.4,29.6,4.2,0.00,91.30,202.30,235.00,303.60,396.70,426.10,10.14
1-5-2022 11:00,0.0,0.280,8.14,65.4,29.6,4.3,0.00,91.30,202.30,235.00,303.60,396.70,426.10,10.02
1-5-2022 12:00,0.0,0.280,8.14,65.4,29.6,4.3,0.00,91.30,202.30,235.00,303.60,396.70,426.10,10.20
1-5-2022 13:00,0.0,0.280,8.14,65.4,29.6,4.3,0.00,91.30,202.30,235.00,303.60,396.70,426.10,10.08
1-5-2022 14:00,0.0,0.280,8.14,65.3,29.6,4.3,0.00,91.30,202.30,235.00,303.60,396.70,426.10,9.80
1-5-2022 15:00,0.0,0.280,8.14,65.3,29.6,4.3,0.00,91.30,202.30,235.00,303.60,396.70,426.10,9.54
1-5-2022 16:00,0.0,0.280,8.14,65.3,29.6,4.3,0.00,0.00,137.00,235.00,235.00,337.90,426.10,9.20
1-5-2022 17:00,0.0,0.279,8.13,65.3,29.6,4.3,0.00,0.00,137.00,235.00,235.00,337.90,426.10,9.00
1-5-2022 18:00,0.0,0.279,8.13,65.2,29.6,4.3,0.00,0.00,137.00,235.00,235.00,337.90,426.10,7.56
1-5-2022 19:00,0.0,0.279,8.13,65.2,29.6,4.4,0.00,0.00,137.00,235.00,235.00,337.90,426.10,7.08
1-5-2022 20:00,0.0,0.279,8.13,65.2,29.7,4.4,0.00,0.00,137.00,235.00,235.00,337.90,426.10,6.50
1-5-2022 21:00,0.0,0.279,8.13,65.2,29.7,4.4,0.00,0.00,137.00,235.00,235.00,337.90,426.10,6.50
1-5-2022 22:00,0.0,0.279,8.13,65.1,29.7,4.4,0.00,0.00,137.00,235.00,235.00,337.90,426.10,6.50
1-5-2022 23:00,0.0,0.278,8.13,65.1,29.7,4.4,0.00,0.00,137.00,235.00,235.00,337.90,426.10,6.50
2-5-2022 00:00,0.0,0.278,8.13,65.1,29.7,4.4,0.00,0.00,137.00,235.00,235.00,337.90,426.10,6.50
2-5-2022 01:00,0.0,0.278,8.13,65.1,29.7,4.4,0.00,0.00,137.00,235.00,235.00,337.90,426.10,6.50
2-5-2022 02:00,0.0,0.278,8.12,65.0,29.7,4.4,0.00,0.00,137.00,235.00,235.00,337.90,426.10,6.50
2-5-2022 03:00,0.0,0.278,8.12,65.0,29.7,4.5,0.00,0.00,137.00,235.00,235.00,337.90,426.10,6.50
2-5-2022 04:00,0.0,0.278,8.12,65.0,29.7,4.5,0.00,0.00,137.00,235.00,235.00,337.90,426.10,6.24
2-5-2022 05:00,0.0,0.277,8.12,65.0,29.7,4.5,0.00,0.00,137.00,235.00,235.00,337.90,426.10,5.22
2-5-2022 06:00,0.0,0.277,8.12,64.9,29.7,4.5,0.00,0.00,137.00,235.00,235.00,337.90,426.10,5.00
2-5-2022 07:00,0.0,0.277,8.12,64.9,29.7,4.5,0.00,0.00,137.00,235.00,235.00,337.90,426.10,5.00
2-5-2022 08:00,0.0,0.277,8.12,64.9,29.7,4.5,0.00,0.00,137.00,235.00,235.00,337.90,426.10,5.00
2-5-2022 09:00,0.0,0.277,8.12,64.9,29.7,4.5,0.00,0.00,137.00,235.00,235.00,337.90,426.10,5.00
2-5-2022 10:00,0.0,0.277,8.12,64.8,29.7,4.5,0.00,0.00,91.30,202.30,235.00,303.60,396.70,5.00
2-5-2022 11:00,0.0,0.276,8.11,64.8,29.7,4.6,0.00,0.00,91.30,202.30,235.00,303.60,396.70,5.00
2-5-2022 12:00,0.0,0.276,8.11,64.8,29.8,4.6,0.00,0.00,91.30,202.30,235.00,303.60,396.70,5.00
2-5-2022 13:00,0.0,0.276,8.11,64.8,29.8,4.6,0.00,0.00,91.30,202.30,235.00,303.60,396.70,5.00
2-5-2022 14:00,0.0,0.276,8.11,64.8,29.8,4.6,0.00,0.00,91.30,202.30,235.00,303.60,396.70,5.00
2-5-2022 15:00,0.0,0.276,8.11,64.7,29.8,4.6,0.00,0.00,91.30,202.30,235.00,303.60,396.70,5.00
2-5-2022 16:00,0.0,0.276,8.11,64.7,29.8,4.6,0.00,0.00,0.00,137.00,235.00,235.00,337.90,5.00
2-5-2022 17:00,0.0,0.275,8.11,64.7,29.8,4.6,0.00,0.00,0.00,137.00,235.00,235.00,337.90,5.00
2-5-2022 18:00,0.0,0.275,8.11,64.7,29.8,4.7,0.00,0.00,0.00,137.00,235.00,235.00,337.90,5.00
2-5-2022 19:00,0.0,0.275,8.10,64.6,29.8,4.7,0.00,0.00,0.00,137.00,235.00,235.00,337.90,5.00
2-5-2022 20:00,0.0,0.275,8.10,64.6,29.8,4.7,0.00,0.00,0.00,137.00,235.00,235.00,337.90,5.00
2-5-2022 21:00,0.0,0.275,8.10,64.6,29.8,4.7,0.00,0.00,0.00,137.00,235.00,235.00,337.90,5.00
2-5-2022 22:00,0.0,0.275,8.10,64.6,29.8,4.7,0.00,0.00,0.00,137.00,235.00,235.00,337.90,5.00
2-5-2022 23:00,0.0,0.274,8.10,64.5,29.8,4.7,0.00,0.00,0.00,137.00,235.00,235.00,337.90,5.00
3-5-2022 00:00,0.0,0.274,8.10,64.5,29.8,4.7,0.00,0.00,0.00,137.00,235.00,235.00,337.90,5.00
3-5-2022 01:00,0.0,0.274,8.10,64.5,29.8,4.7,0.00,0.00,0.00,137.00,235.00,235.00,337.90,5.00
3-5-2022 02:00,0.0,0.274,8.10,64.5,29.8,4.8,0.00,0.00,0.00,137.00,235.00,235.00,337.90,5.00
3-5-2022 03:00,0.0,0.274,8.10,64.4,29.8,4.8,0.00,0.00,0.00,137.00,235.00,235.00,337.90,5.00
3-5-2022 04:00,0.0,0.274,8.09,64.4,29.8,4.8,0.00,0.00,0.00,137.00,235.00,235.00,337.90,5.00
3-5-2022 05:00,0.0,0.273,8.09,64.4,29.9,4.8,0.00,0.00,0.00,137.00,235.00,235.00,337.90,5.00
3-5-2022 06:00,0.0,0.273,8.09,64.4,29.9,4.8,0.00,0.00,0.00,137.00,235.00,235.00,337.90,5.00
3-5-2022 07:00,0.0,0.273,8.09,64.3,29.9,4.8,0.00,0.00,0.00,137.00,235.00,235.00,337.90,5.00
3-5-2022 08:00,0.0,0.273,8.09,64.3,29.9,4.8,0.00,0.00,0.00,137.00,235.00,235.00,337.90,5.00
3-5-2022 09:00,0.0,0.273,8.09,64.3,29.9,4.8,0.00,0.00,0.00,137.00,235.00,235.00,337.90,5.00
3-5-2022 10:00,0.0,0.272,8.09,64.3,29.9,4.9,0.00,0.00,0.00,91.30,202.30,235.00,303.60,5.00
3-5-2022 11:00,0.0,0.272,8.09,64.2,29.9,4.9,0.00,0.00,0.00,91.30,202.30,235.00,303.60,5.00
3-5-2022 12:00,0.0,0.272,8.08,64.2,29.9,4.9,0.00,0.00,0.00,91.30,202.30,235.00,303.60,5.00
3-5-2022 13:00,70.7,0.272,8.08,64.2,29.9,4.9,70.70,70.70,70.70,162.00,273.00,305.70,374.30,5.00
3-5-2022 14:00,0.0,0.272,8.08,64.2,29.9,4.9,70.70,70.70,70.70,162.00,273.00,305.70,374.30,5.88
3-5-2022 15:00,0.0,0.272,8.08,64.2,29.9,4.9,70.70,70.70,70.70,162.00,273.00,305.70,374.30,7.02
3-5-2022 16:00,66.5,0.271,8.08,64.2,29.9,4.9,137.20,137.20,137.20,137.20,274.20,372.20,372.20,7.50
3-5-2022 17:00,0.0,0.271,8.08,64.2,29.9,4.9,137.20,137.20,137.20,137.20,274.20,372.20,372.20,8.00
3-5-2022 18:00,0.0,0.271,8.08,64.2,29.9,4.9,137.20,137.20,137.20,137.20,274.20,372.20,372.20,8.00
3-5-2022 19:00,0.0,0.271,8.08,64.2,29.9,4.8,137.20,137.20,137.20,137.20,274.20,372.20,372.20,8.30
3-5-2022 20:00,0.0,0.271,8.08,64.3,29.9,4.8,137.20,137.20,137.20,137.20,274.20,372.20,372.20,8.82
3-5-2022 21:00,0.0,0.271,8.07,64.3,29.9,4.8,137.20,137.20,137.20,137.20,274.20,372.20,372.20,10.02
3-5-2022 22:00,0.0,0.270,8.07,64.3,29.9,4.8,137.20,137.20,137.20,137.20,274.20,372.20,372.20,9.72
3-5-2022 23:00,0.0,0.270,8.07,64.3,29.9,4.8,137.20,137.20,137.20,137.20,274.20,372.20,372.20,9.96
4-5-2022 00:00,0.0,0.270,8.07,64.3,29.9,4.8,137.20,137.20,137.20,137.20,274.20,372.20,372.20,9.60
4-5-2022 01:00,0.0,0.270,8.07,64.3,29.9,4.8,137.20,137.20,137.20,137.20,274.20,372.20,372.20,9.78
4-5-2022 02:00,0.0,0.270,8.07,64.3,29.9,4.8,137.20,137.20,137.20,137.20,274.20,372.20,372.20,9.18
4-5-2022 03:00,0.0,0.270,8.07,64.3,29.9,4.8,137.20,137.20,137.20,137.20,274.20,372.20,372.20,9.18
4-5-2022 04:00,0.0,0.269,8.07,64.3,30.0,4.8,137.20,137.20,137.20,137.20,274.20,372.20,372.20,9.18
4-5-2022 05:00,0.0,0.269,8.07,64.3,30.0,4.8,137.20,137.20,137.20,137.20,274.20,372.20,372.20,9.18
4-5-2022 06:00,0.0,0.269,8.06,64.3,30.0,4.8,137.20,137.20,137.20,137.20,274.20,372.20,372.20,9.18
4-5-2022 07:00,0.0,0.269,8.06,64.3,30.0,4.7,137.20,137.20,137.20,137.20,274.20,372.20,372.20,9.24
4-5-2022 08:00,0.0,0.269,8.06,64.3,30.0,4.7,137.20,137.20,137.20,137.20,274.20,372.20,372.20,9.42
4-5-2022 09:00,0.0,0.269,8.06,64.4,30.0,4.7,137.20,137.20,137.20,137.20,274.20,372.20,372.20,9.36
4-5-2022 10:00,0.0,0.268,8.06,64.4,30.0,4.7,137.20,137.20,137.20,137.20,228.50,339.50,372.20,9.36
4-5-2022 11:00,0.0,0.268,8.06,64.4,30.0,4.7,137.20,137.20,137.20,137.20,228.50,339.50,372.20,9.90
4-5-2022 12:00,0.0,0.268,8.06,64.4,30.0,4.7,137.20,137.20,137.20,137.20,228.50,339.50,372.20,10.00
4-5-2022 13:00,0.0,0.268,8.06,64.4,30.0,4.7,66.50,137.20,137.20,137.20,228.50,339.50,372.20,10.00
4-5-2022 14:00,0.0,0.268,8.05,64.4,30.0,4.7,66.50,137.20,137.20,137.20,228.50,339.50,372.20,10.00
4-5-2022 15:00,0.0,0.268,8.05,64.4,30.0,4.7,66.50,137.20,137.20,137.20,228.50,339.50,372.20,10.00
4-5-2022 16:00,0.0,0.267,8.05,64.4,30.0,4.7,0.00,137.20,137.20,137.20,137.20,274.20,372.20,10.00
4-5-2022 17:00,0.0,0.267,8.05,64.4,30.0,4.7,0.00,137.20,137.20,137.20,137.20,274.20,372.20,10.00
4-5-2022 18:00,0.0,0.267,8.05,64.4,30.0,4.7,0.00,137.20,137.20,137.20,137.20,274.20,372.20,10.62
4-5-2022 19:00,0.0,0.267,8.05,64.4,30.0,4.6,0.00,137.20,137.20,137.20,137.20,274.20,372.20,13.50
4-5-2022 20:00,0.0,0.267,8.05,64.4,30.0,4.6,0.00,137.20,137.20,137.20,137.20,274.20,372.20,15.36
4-5-2022 21:00,0.0,0.267,8.05,64.4,30.0,4.6,0.00,137.20,137.20,137.20,137.20,274.20,372.20,17.94
4-5-2022 22:00,0.0,0.266,8.05,64.5,30.0,4.6,0.00,137.20,137.20,137.20,137.20,274.20,372.20,19.56
4-5-2022 23:00,0.0,0.266,8.04,64.5,30.0,4.6,0.00,137.20,137.20,137.20,137.20,274.20,372.20,20.28
5-5-2022 00:00,0.0,0.266,8.04,64.5,30.0,4.6,0.00,137.20,137.20,137.20,137.20,274.20,372.20,19.50
5-5-2022 01:00,0.0,0.266,8.04,64.5,30.0,4.6,0.00,137.20,137.20,137.20,137.20,274.20,372.20,17.34
5-5-2022 02:00,0.0,0.266,8.04,64.5,30.0,4.6,0.00,137.20,137.20,137.20,137.20,274.20,372.20,15.66
5-5-2022 03:00,0.0,0.266,8.04,64.5,30.0,4.6,0.00,137.20,137.20,137.20,137.20,274.20,372.20,13.80
5-5-2022 04:00,0.0,0.265,8.04,64.5,30.0,4.6,0.00,137.20,137.20,137.20,137.20,274.20,372.20,13.26
5-5-2022 05:00,0.0,0.265,8.04,64.5,30.0,4.6,0.00,137.20,137.20,137.20,137.20,274.20,372.20,12.18
5-5-2022 06:00,0.0,0.265,8.04,64.5,30.0,4.6,0.00,137.20,137.20,137.20,137.20,274.20,372.20,11.80
5-5-2022 07:00,0.0,0.265,8.04,64.5,30.0,4.5,0.00,137.20,137.20,137.20,137.20,274.20,372.20,10.56
5-5-2022 08:00,0.0,0.265,8.03,64.5,30.1,4.5,0.00,137.20,137.20,137.20,137.20,274.20,372.20,10.00
5-5-2022 09:00,0.0,0.265,8.03,64.5,30.1,4.5,0.00,137.20,137.20,137.20,137.20,274.20,372.20,9.50
5-5-2022 10:00,0.0,0.264,8.03,64.6,30.1,4.5,0.00,137.20,137.20,137.20,137.20,228.50,339.50,9.50
5-5-2022 11:00,0.0,0.264,8.03,64.6,30.1,4.5,0.00,137.20,137.20,137.20,137.20,228.50,339.50,9.50
5-5-2022 12:00,0.0,0.264,8.03,64.6,30.1,4.5,0.00,137.20,137.20,137.20,137.20,228.50,339.50,9.50
5-5-2022 13:00,0.0,0.264,8.03,64.6,30.1,4.5,0.00,66.50,137.20,137.20,137.20,228.50,339.50,9.50
5-5-2022 14:00,0.0,0.264,8.03,64.6,30.1,4.5,0.00,66.50,137.20,137.20,137.20,228.50,339.50,9.50
5-5-2022 15:00,0.0,0.263,8.03,64.6,30.1,4.5,0.00,66.50,137.20,137.20,137.20,228.50,339.50,9.50
5-5-2022 16:00,0.0,0.263,8.02,64.6,30.1,4.5,0.00,0.00,137.20,137.20,137.20,137.20,274.20,9.00
5-5-2022 17:00,0.0,0.263,8.02,64.6,30.1,4.5,0.00,0.00,137.20,137.20,137.20,137.20,274.20,8.50
5-5-2022 18:00,0.0,0.263,8.02,64.6,30.1,4.4,0.00,0.00,137.20,137.20,137.20,137.20,274.20,8.00
5-5-2022 19:00,0.0,0.263,8.02,64.6,30.1,4.4,0.00,0.00,137.20,137.20,137.20,137.20,274.20,7.50
5-5-2022 20:00,0.0,0.263,8.02,64.6,30.1,4.4,0.00,0.00,137.20,137.20,137.20,137.20,274.20,7.00
5-5-2022 21:00,0.0,0.262,8.02,64.6,30.1,4.4,0.00,0.00,137.20,137.20,137.20,137.20,274.20,6.50
5-5-2022 22:00,0.0,0.262,8.02,64.6,30.1,4.4,0.00,0.00,137.20,137.20,137.20,137.20,274.20,6.00
5-5-2022 23:00,0.0,0.262,8.02,64.7,30.1,4.4,0.00,0.00,137.20,137.20,137.20,137.20,274.20,5.76
6-5-2022 00:00,0.0,0.262,8.02,64.7,30.1,4.4,0.00,0.00,137.20,137.20,137.20,137.20,274.20,5.50
6-5-2022 01:00,0.0,0.262,8.01,64.7,30.1,4.4,0.00,0.00,137.20,137.20,137.20,137.20,274.20,5.52
6-5-2022 02:00,0.0,0.262,8.01,64.7,30.1,4.4,0.00,0.00,137.20,137.20,137.20,137.20,274.20,5.40
6-5-2022 03:00,0.0,0.261,8.01,64.7,30.1,4.4,0.00,0.00,137.20,137.20,137.20,137.20,274.20,5.30
6-5-2022 04:00,0.0,0.261,8.01,64.7,30.1,4.4,0.00,0.00,137.20,137.20,137.20,137.20,274.20,5.20
6-5-2022 05:00,0.0,0.261,8.01,64.7,30.1,4.4,0.00,0.00,137.20,137.20,137.20,137.20,274.20,5.20
6-5-2022 06:00,0.0,0.261,8.01,64.7,30.1,4.3,0.00,0.00,137.20,137.20,137.20,137.20,274.20,5.20
6-5-2022 07:00,0.0,0.261,8.01,64.7,30.1,4.3,0.00,0.00,137.20,137.20,137.20,137.20,274.20,5.20
6-5-2022 08:00,0.0,0.261,8.01,64.7,30.1,4.3,0.00,0.00,137.20,137.20,137.20,137.20,274.20,5.20
6-5-2022 09:00,0.0,0.260,8.00,64.7,30.1,4.3,0.00,0.00,137.20,137.20,137.20,137.20,274.20,5.10
6-5-2022 10:00,0.0,0.260,8.00,64.7,30.1,4.3,0.00,0.00,137.20,137.20,137.20,137.20,228.50,5.10
6-5-2022 11:00,0.0,0.260,8.00,64.7,30.1,4.3,0.00,0.00,137.20,137.20,137.20,137.20,228.50,5.10
6-5-2022 12:00,0.0,0.260,8.00,64.8,30.2,4.3,0.00,0.00,137.20,137.20,137.20,137.20,228.50,5.10
6-5-2022 13:00,0.0,0.260,8.00,64.8,30.2,4.3,0.00,0.00,66.50,137.20,137.20,137.20,228.50,4.80
6-5-2022 14:00,0.0,0.260,8.00,64.8,30.2,4.3,0.00,0.00,66.50,137.20,137.20,137.20,228.50,4.60
6-5-2022 15:00,0.0,0.259,8.00,64.8,30.2,4.3,0.00,0.00,66.50,137.20,137.20,137.20,228.50,4.40
6-5-2022 16:00,0.0,0.259,8.00,64.8,30.2,4.3,0.00,0.00,0.00,137.20,137.20,137.20,137.20,4.20
6-5-2022 17:00,0.0,0.259,8.00,64.8,30.2,4.3,0.00,0.00,0.00,137.20,137.20,137.20,137.20,4.00
6-5-2022 18:00,0.0,0.259,7.99,64.8,30.2,4.2,0.00,0.00,0.00,137.20,137.20,137.20,137.20,3.80
6-5-2022 19:00,0.0,0.259,7.99,64.8,30.2,4.2,0.00,0.00,0.00,137.20,137.20,137.20,137.20,3.60
6-5-2022 20:00,0.0,0.259,7.99,64.8,30.2,4.2,0.00,0.00,0.00,137.20,137.20,137.20,137.20,3.40
6-5-2022 21:00,0.0,0.258,7.99,64.8,30.2,4.2,0.00,0.00,0.00,137.20,137.20,137.20,137.20,3.20
6-5-2022 22:00,0.0,0.258,7.99,64.8,30.2,4.2,0.00,0.00,0.00,137.20,137.20,137.20,137.20,3.00
6-5-2022 23:00,0.0,0.258,7.99,64.8,30.2,4.2,0.00,0.00,0.00,137.20,137.20,137.20,137.20,3.00
7-5-2022 00:00,0.0,0.258,7.99,64.8,30.2,4.2,0.00,0.00,0.00,137.20,137.20,137.20,137.20,3.00
7-5-2022 01:00,0.0,0.258,7.99,64.9,30.2,4.2,0.00,0.00,0.00,137.20,137.20,137.20,137.20,3.00
7-5-2022 02:00,0.0,0.258,7.99,64.9,30.2,4.2,0.00,0.00,0.00,137.20,137.20,137.20,137.20,3.00
7-5-2022 03:00,0.0,0.257,7.98,64.9,30.2,4.2,0.00,0.00,0.00,137.20,137.20,137.20,137.20,3.00
7-5-2022 04:00,0.0,0.257,7.98,64.9,30.2,4.2,0.00,0.00,0.00,137.20,137.20,137.20,137.20,3.00
7-5-2022 05:00,0.0,0.257,7.98,64.9,30.2,4.2,0.00,0.00,0.00,137.20,137.20,137.20,137.20,3.00
7-5-2022 06:00,0.0,0.257,7.98,64.9,30.2,4.1,0.00,0.00,0.00,137.20,137.20,137.20,137.20,3.00
7-5-2022 07:00,0.0,0.257,7.98,64.9,30.2,4.1,0.00,0.00,0.00,137.20,137.20,137.20,137.20,3.00
7-5-2022 08:00,0.0,0.257,7.98,64.9,30.2,4.1,0.00,0.00,0.00,137.20,137.20,137.20,137.20,3.00
7-5-2022 09:00,0.0,0.256,7.98,64.9,30.2,4.1,0.00,0.00,0.00,137.20,137.20,137.20,137.20,3.00
7-5-2022 10:00,0.0,0.256,7.98,64.9,30.2,4.1,0.00,0.00,0.00,137.20,137.20,137.20,137.20,3.00
7-5-2022 11:00,0.0,0.256,7.97,64.9,30.2,4.1,0.00,0.00,0.00,137.20,137.20,137.20,137.20,3.00
7-5-2022 12:00,0.0,0.256,7.97,64.9,30.2,4.1,0.00,0.00,0.00,137.20,137.20,137.20,137.20,3.00
7-5-2022 13:00,0.0,0.256,7.97,64.9,30.2,4.1,0.00,0.00,0.00,66.50,137.20,137.20,137.20,3.00
7-5-2022 14:00,0.0,0.255,7.97,65.0,30.2,4.1,0.00,0.00,0.00,66.50,137.20,137.20,137.20,3.00
7-5-2022 15:00,0.0,0.255,7.97,65.0,30.2,4.1,0.00,0.00,0.00,66.50,137.20,137.20,137.20,3.00
7-5-2022 16:00,0.0,0.255,7.97,65.0,30.3,4.1,0.00,0.00,0.00,0.00,137.20,137.20,137.20,3.00
7-5-2022 17:00,0.0,0.255,7.97,65.0,30.3,4.0,0.00,0.00,0.00,0.00,137.20,137.20,137.20,3.00
7-5-2022 18:00,0.0,0.255,7.97,65.0,30.3,4.0,0.00,0.00,0.00,0.00,137.20,137.20,137.20,3.00
7-5-2022 19:00,0.0,0.255,7.97,65.0,30.3,4.0,0.00,0.00,0.00,0.00,137.20,137.20,137.20,3.00
7-5-2022 20:00,0.0,0.254,7.96,65.0,30.3,4.0,0.00,0.00,0.00,0.00,137.20,137.20,137.20,3.00
7-5-2022 21:00,0.0,0.254,7.96,65.0,30.3,4.0,0.00,0.00,0.00,0.00,137.20,137.20,137.20,3.00
7-5-2022 22:00,0.0,0.254,7.96,65.0,30.3,4.0,0.00,0.00,0.00,0.00,137.20,137.20,137.20,3.00
7-5-2022 23:00,0.0,0.254,7.96,65.0,30.3,4.0,0.00,0.00,0.00,0.00,137.20,137.20,137.20,3.00
8-5-2022 00:00,0.0,0.254,7.96,65.0,30.3,4.0,0.00,0.00,0.00,0.00,137.20,137.20,137.20,3.00
8-5-2022 01:00,0.0,0.254,7.96,65.0,30.3,4.0,0.00,0.00,0.00,0.00,137.20,137.20,137.20,3.00
8-5-2022 02:00,0.0,0.253,7.96,65.1,30.3,4.0,0.00,0.00,0.00,0.00,137.20,137.20,137.20,3.00
8-5-2022 03:00,0.0,0.253,7.96,65.1,30.3,4.0,0.00,0.00,0.00,0.00,137.20,137.20,137.20,3.00
8-5-2022 04:00,0.0,0.253,7.95,65.1,30.3,4.0,0.00,0.00,0.00,0.00,137.20,137.20,137.20,3.00
8-5-2022 05:00,0.0,0.253,7.95,65.1,30.3,3.9,0.00,0.00,0.00,0.00,137.20,137.20,137.20,3.00
8-5-2022 06:00,0.0,0.253,7.95,65.1,30.3,3.9,0.00,0.00,0.00,0.00,137.20,137.20,137.20,3.00
8-5-2022 07:00,0.0,0.253,7.95,65.1,30.3,3.9,0.00,0.00,0.00,0.00,137.20,137.20,137.20,3.00
8-5-2022 08:00,0.0,0.252,7.95,65.1,30.3,3.9,0.00,0.00,0.00,0.00,137.20,137.20,137.20,3.00
8-5-2022 09:00,0.0,0.252,7.95,65.1,30.3,3.9,0.00,0.00,0.00,0.00,137.20,137.20,137.20,3.00
8-5-2022 10:00,0.0,0.252,7.95,65.1,30.3,3.9,0.00,0.00,0.00,0.00,137.20,137.20,137.20,3.00
8-5-2022 11:00,0.0,0.252,7.95,65.1,30.3,3.9,0.00,0.00,0.00,0.00,137.20,137.20,137.20,3.00
8-5-2022 12:00,0.0,0.252,7.95,65.1,30.3,3.9,0.00,0.00,0.00,0.00,137.20,137.20,137.20,3.00
8-5-2022 13:00,0.0,0.252,7.94,65.1,30.3,3.9,0.00,0.00,0.00,0.00,66.50,137.20,137.20,3.00
8-5-2022 14:00,0.0,0.251,7.94,65.1,30.3,3.9,0.00,0.00,0.00,0.00,66.50,137.20,137.20,3.00
8-5-2022 15:00,0.0,0.251,7.94,65.2,30.3,3.9,0.00,0.00,0.00,0.00,66.50,137.20,137.20,3.00
8-5-2022 16:00,0.0,0.251,7.94,65.2,30.3,3.9,0.00,0.00,0.00,0.00,0.00,137.20,137.20,3.00
8-5-2022 17:00,0.0,0.251,7.94,65.2,30.3,3.8,0.00,0.00,0.00,0.00,0.00,137.20,137.20,3.00
8-5-2022 18:00,0.0,0.251,7.94,65.2,30.3,3.8,0.00,0.00,0.00,0.00,0.00,137.20,137.20,3.00
8-5-2022 19:00,0.0,0.251,7.94,65.2,30.3,3.8,0.00,0.00,0.00,0.00,0.00,137.20,137.20,3.00
8-5-2022 20:00,0.0,0.250,7.94,65.2,30.4,3.8,0.00,0.00,0.00,0.00,0.00,137.20,137.20,3.00
8-5-2022 21:00,0.0,0.250,7.94,65.2,30.4,3.8,0.00,0.00,0.00,0.00,0.00,137.20,137.20,3.00
8-5-2022 22:00,0.0,0.250,7.93,65.2,30.4,3.8,0.00,0.00,0.00,0.00,0.00,137.20,137.20,3.00
8-5-2022 23:00,0.0,0.250,7.93,65.2,30.4,3.8,0.00,0.00,0.00,0.00,0.00,137.20,137.20,3.00
9-5-2022 00:00,0.0,0.250,7.93,65.2,30.4,3.8,0.00,0.00,0.00,0.00,0.00,137.20,137.20,3.00
9-5-2022 01:00,0.0,0.250,7.93,65.2,30.4,3.8,0.00,0.00,0.00,0.00,0.00,137.20,137.20,3.00
9-5-2022 02:00,0.0,0.249,7.93,65.2,30.4,3.8,0.00,0.00,0.00,0.00,0.00,137.20,137.20,3.00
9-5-2022 03:00,0.0,0.249,7.93,65.2,30.4,3.8,0.00,0.00,0.00,0.00,0.00,137.20,137.20,3.00
9-5-2022 04:00,0.0,0.249,7.93,65.3,30.4,3.8,0.00,0.00,0.00,0.00,0.00,137.20,137.20,3.00
9-5-2022 05:00,0.0,0.249,7.93,65.3,30.4,3.7,0.00,0.00,0.00,0.00,0.00,137.20,137.20,3.00
9-5-2022 06:00,0.0,0.249,7.92,65.3,30.4,3.7,0.00,0.00,0.00,0.00,0.00,137.20,137.20,3.00
9-5-2022 07:00,0.0,0.249,7.92,65.3,30.4,3.7,0.00,0.00,0.00,0.00,0.00,137.20,137.20,3.00
9-5-2022 08:00,0.0,0.248,7.92,65.3,30.4,3.7,0.00,0.00,0.00,0.00,0.00,137.20,137.20,3.00
9-5-2022 09:00,0.0,0.248,7.92,65.3,30.4,3.7,0.00,0.00,0.00,0.00,0.00,137.20,137.20,3.00
9-5-2022 10:00,39.2,0.248,7.92,65.3,30.4,3.7,39.20,39.20,39.20,39.20,39.20,176.40,176.40,3.00
9-5-2022 11:00,0.0,0.248,7.92,65.1,30.5,3.8,39.20,39.20,39.20,39.20,39.20,176.40,176.40,3.50
9-5-2022 12:00,0.0,0.247,7.93,64.9,30.6,3.8,39.20,39.20,39.20,39.20,39.20,176.40,176.40,3.50
9-5-2022 13:00,0.0,0.247,7.93,64.8,30.8,3.9,39.20,39.20,39.20,39.20,39.20,105.70,176.40,4.00
9-5-2022 14:00,0.0,0.246,7.93,64.6,30.9,3.9,39.20,39.20,39.20,39.20,39.20,105.70,176.40,4.50
9-5-2022 15:00,0.0,0.246,7.93,64.4,31.0,4.0,39.20,39.20,39.20,39.20,39.20,105.70,176.40,4.00
9-5-2022 16:00,78.4,0.246,7.94,64.2,31.1,4.1,117.60,117.60,117.60,117.60,117.60,117.60,254.80,3.84
9-5-2022 17:00,0.0,0.245,7.94,64.0,31.2,4.1,117.60,117.60,117.60,117.60,117.60,117.60,254.80,3.80
9-5-2022 18:00,0.0,0.245,7.94,63.9,31.4,4.2,117.60,117.60,117.60,117.60,117.60,117.60,254.80,3.80
9-5-2022 19:00,0.0,0.244,7.95,63.7,31.5,4.2,117.60,117.60,117.60,117.60,117.60,117.60,254.80,4.30
9-5-2022 20:00,0.0,0.244,7.95,63.5,31.6,4.3,117.60,117.60,117.60,117.60,117.60,117.60,254.80,5.04
9-5-2022 21:00,0.0,0.243,7.95,63.3,31.7,4.3,117.60,117.60,117.60,117.60,117.60,117.60,254.80,5.94
9-5-2022 22:00,0.0,0.243,7.96,63.2,31.9,4.4,117.60,117.60,117.60,117.60,117.60,117.60,254.80,5.58
9-5-2022 23:00,0.0,0.243,7.96,63.0,32.0,4.5,117.60,117.60,117.60,117.60,117.60,117.60,254.80,5.22
10-5-2022 00:00,0.0,0.242,7.96,62.8,32.1,4.5,117.60,117.60,117.60,117.60,117.60,117.60,254.80,5.34
10-5-2022 01:00,0.0,0.242,7.96,62.6,32.2,4.6,117.60,117.60,117.60,117.60,117.60,117.60,254.80,5.46
10-5-2022 02:00,0.0,0.241,7.97,62.4,32.3,4.6,117.60,117.60,117.60,117.60,117.60,117.60,254.80,6.00
10-5-2022 03:00,0.0,0.241,7.97,62.3,32.5,4.7,117.60,117.60,117.60,117.60,117.60,117.60,254.80,6.50
10-5-2022 04:00,0.0,0.241,7.97,62.1,32.6,4.8,117.60,117.60,117.60,117.60,117.60,117.60,254.80,6.50
10-5-2022 05:00,0.0,0.240,7.98,61.9,32.7,4.8,117.60,117.60,117.60,117.60,117.60,117.60,254.80,6.30
10-5-2022 06:00,0.0,0.240,7.98,61.7,32.8,4.9,117.60,117.60,117.60,117.60,117.60,117.60,254.80,6.20
10-5-2022 07:00,0.0,0.239,7.98,61.5,32.9,4.9,117.60,117.60,117.60,117.60,117.60,117.60,254.80,6.10
10-5-2022 08:00,0.0,0.239,7.98,61.4,33.1,5.0,117.60,117.60,117.60,117.60,117.60,117.60,254.80,6.10
10-5-2022 09:00,0.0,0.238,7.99,61.2,33.2,5.0,117.60,117.60,117.60,117.60,117.60,117.60,254.80,6.12
10-5-2022 10:00,26.1,0.238,7.99,61.0,33.3,5.1,104.50,143.70,143.70,143.70,143.70,143.70,280.90,6.50
10-5-2022 11:00,0.0,0.240,7.98,60.1,34.1,5.1,104.50,143.70,143.70,143.70,143.70,143.70,280.90,6.50
10-5-2022 12:00,0.0,0.242,7.97,59.3,34.9,5.2,104.50,143.70,143.70,143.70,143.70,143.70,280.90,6.50
10-5-2022 13:00,0.0,0.244,7.96,58.4,35.8,5.2,104.50,143.70,143.70,143.70,143.70,143.70,210.20,6.50
10-5-2022 14:00,0.0,0.246,7.95,57.6,36.6,5.2,104.50,143.70,143.70,143.70,143.70,143.70,210.20,6.70
10-5-2022 15:00,0.0,0.247,7.94,56.7,37.4,5.3,104.50,143.70,143.70,143.70,143.70,143.70,210.20,6.92
10-5-2022 16:00,52.3,0.249,7.94,55.9,38.2,5.3,78.40,196.00,196.00,196.00,196.00,196.00,196.00,7.58
10-5-2022 17:00,0.0,0.251,7.93,55.0,39.0,5.3,78.40,196.00,196.00,196.00,196.00,196.00,196.00,7.52
10-5-2022 18:00,0.0,0.253,7.92,54.2,39.9,5.4,78.40,196.00,196.00,196.00,196.00,196.00,196.00,7.16
10-5-2022 19:00,0.0,0.255,7.91,53.3,40.7,5.4,78.40,196.00,196.00,196.00,196.00,196.00,196.00,6.98
10-5-2022 20:00,0.0,0.257,7.90,52.5,41.5,5.4,78.40,196.00,196.00,196.00,196.00,196.00,196.00,7.40
10-5-2022 21:00,0.0,0.259,7.89,51.6,42.3,5.5,78.40,196.00,196.00,196.00,196.00,196.00,196.00,7.94
10-5-2022 22:00,0.0,0.261,7.88,50.8,43.2,5.5,78.40,196.00,196.00,196.00,196.00,196.00,196.00,8.42
10-5-2022 23:00,0.0,0.262,7.87,49.9,44.0,5.5,78.40,196.00,196.00,196.00,196.00,196.00,196.00,8.70
11-5-2022 00:00,0.0,0.264,7.86,49.0,44.8,5.6,78.40,196.00,196.00,196.00,196.00,196.00,196.00,9.18
11-5-2022 01:00,0.0,0.266,7.85,48.2,45.6,5.6,78.40,196.00,196.00,196.00,196.00,196.00,196.00,10.80
11-5-2022 02:00,0.0,0.268,7.84,47.3,46.4,5.6,78.40,196.00,196.00,196.00,196.00,196.00,196.00,12.30
11-5-2022 03:00,0.0,0.270,7.83,46.5,47.3,5.7,78.40,196.00,196.00,196.00,196.00,196.00,196.00,14.76
11-5-2022 04:00,0.0,0.272,7.83,45.6,48.1,5.7,78.40,196.00,196.00,196.00,196.00,196.00,196.00,18.12
11-5-2022 05:00,0.0,0.274,7.82,44.8,48.9,5.7,78.40,196.00,196.00,196.00,196.00,196.00,196.00,21.30
11-5-2022 06:00,0.0,0.276,7.81,43.9,49.7,5.8,78.40,196.00,196.00,196.00,196.00,196.00,196.00,25.68
11-5-2022 07:00,0.0,0.277,7.80,43.1,50.5,5.8,78.40,196.00,196.00,196.00,196.00,196.00,196.00,27.12
11-5-2022 08:00,0.0,0.279,7.79,42.2,51.4,5.8,78.40,196.00,196.00,196.00,196.00,196.00,196.00,23.88
11-5-2022 09:00,0.0,0.281,7.78,41.4,52.2,5.9,78.40,196.00,196.00,196.00,196.00,196.00,196.00,22.08
11-5-2022 10:00,19.6,0.283,7.77,40.5,53.0,5.9,71.90,176.40,215.60,215.60,215.60,215.60,215.60,18.30
11-5-2022 11:00,0.0,0.283,7.77,41.0,52.5,5.8,71.90,176.40,215.60,215.60,215.60,215.60,215.60,18.54
11-5-2022 12:00,0.0,0.283,7.78,41.6,52.1,5.8,71.90,176.40,215.60,215.60,215.60,215.60,215.60,18.78
11-5-2022 13:00,0.0,0.283,7.78,42.1,51.6,5.7,71.90,176.40,215.60,215.60,215.60,215.60,215.60,18.78
11-5-2022 14:00,0.0,0.283,7.79,42.7,51.1,5.7,71.90,176.40,215.60,215.60,215.60,215.60,215.60,17.28
11-5-2022 15:00,0.0,0.283,7.79,43.2,50.6,5.6,71.90,176.40,215.60,215.60,215.60,215.60,215.60,16.86
11-5-2022 16:00,39.2,0.284,7.80,43.7,50.2,5.6,58.80,137.20,254.80,254.80,254.80,254.80,254.80,17.70
11-5-2022 17:00,0.0,0.284,7.80,44.3,49.7,5.5,58.80,137.20,254.80,254.80,254.80,254.80,254.80,22.80
11-5-2022 18:00,0.0,0.284,7.80,44.8,49.2,5.4,58.80,137.20,254.80,254.80,254.80,254.80,254.80,25.02
11-5-2022 19:00,0.0,0.284,7.81,45.3,48.7,5.4,58.80,137.20,254.80,254.80,254.80,254.80,254.80,26.10
11-5-2022 20:00,0.0,0.284,7.81,45.9,48.3,5.3,58.80,137.20,254.80,254.80,254.80,254.80,254.80,25.32
11-5-2022 21:00,0.0,0.284,7.82,46.4,47.8,5.3,58.80,137.20,254.80,254.80,254.80,254.80,254.80,23.82
11-5-2022 22:00,0.0,0.284,7.82,47.0,47.3,5.2,58.80,137.20,254.80,254.80,254.80,254.80,254.80,21.60
11-5-2022 23:00,0.0,0.284,7.82,47.5,46.8,5.1,58.80,137.20,254.80,254.80,254.80,254.80,254.80,19.92
12-5-2022 00:00,0.0,0.284,7.83,48.0,46.4,5.1,58.80,137.20,254.80,254.80,254.80,254.80,254.80,16.08
12-5-2022 01:00,0.0,0.284,7.83,48.6,45.9,5.0,58.80,137.20,254.80,254.80,254.80,254.80,254.80,12.72
12-5-2022 02:00,0.0,0.284,7.84,49.1,45.4,5.0,58.80,137.20,254.80,254.80,254.80,254.80,254.80,12.48
12-5-2022 03:00,0.0,0.284,7.84,49.6,44.9,4.9,58.80,137.20,254.80,254.80,254.80,254.80,254.80,11.94
12-5-2022 04:00,0.0,0.285,7.85,50.2,44.5,4.9,58.80,137.20,254.80,254.80,254.80,254.80,254.80,11.52
12-5-2022 05:00,0.0,0.285,7.85,50.7,44.0,4.8,58.80,137.20,254.80,254.80,254.80,254.80,254.80,11.04
12-5-2022 06:00,0.0,0.285,7.85,51.3,43.5,4.7,58.80,137.20,254.80,254.80,254.80,254.80,254.80,11.40
12-5-2022 07:00,0.0,0.285,7.86,51.8,43.0,4.7,58.80,137.20,254.80,254.80,254.80,254.80,254.80,11.70
12-5-2022 08:00,0.0,0.285,7.86,52.3,42.6,4.6,58.80,137.20,254.80,254.80,254.80,254.80,254.80,11.82
12-5-2022 09:00,0.0,0.285,7.87,52.9,42.1,4.6,58.80,137.20,254.80,254.80,254.80,254.80,254.80,13.98
12-5-2022 10:00,32.7,0.285,7.87,53.4,41.6,4.5,71.90,143.80,248.30,287.50,287.50,287.50,287.50,14.28
12-5-2022 11:00,0.0,0.285,7.87,53.4,41.6,4.5,71.90,143.80,248.30,287.50,287.50,287.50,287.50,17.34
12-5-2022 12:00,0.0,0.286,7.87,53.3,41.7,4.5,71.90,143.80,248.30,287.50,287.50,287.50,287.50,17.34
12-5-2022 13:00,0.0,0.286,7.87,53.3,41.7,4.5,71.90,143.80,248.30,287.50,287.50,287.50,287.50,16.62
12-5-2022 14:00,0.0,0.286,7.88,53.2,41.7,4.6,71.90,143.80,248.30,287.50,287.50,287.50,287.50,15.60
12-5-2022 15:00,0.0,0.287,7.88,53.2,41.8,4.6,71.90,143.80,248.30,287.50,287.50,287.50,287.50,13.02
12-5-2022 16:00,65.4,0.287,7.88,53.1,41.8,4.6,98.10,156.90,235.30,352.90,352.90,352.90,352.90,9.48
12-5-2022 17:00,0.0,0.287,7.88,53.1,41.8,4.6,98.10,156.90,235.30,352.90,352.90,352.90,352.90,9.50
12-5-2022 18:00,0.0,0.288,7.88,53.0,41.9,4.6,98.10,156.90,235.30,352.90,352.90,352.90,352.90,9.50
12-5-2022 19:00,0.0,0.288,7.88,53.0,41.9,4.6,98.10,156.90,235.30,352.90,352.90,352.90,352.90,9.50
12-5-2022 20:00,0.0,0.288,7.88,52.9,41.9,4.6,98.10,156.90,235.30,352.90,352.90,352.90,352.90,10.00
12-5-2022 21:00,0.0,0.289,7.88,52.9,42.0,4.6,98.10,156.90,235.30,352.90,352.90,352.90,352.90,10.50
12-5-2022 22:00,0.0,0.289,7.89,52.8,42.0,4.7,98.10,156.90,235.30,352.90,352.90,352.90,352.90,11.40
12-5-2022 23:00,0.0,0.290,7.89,52.8,42.1,4.7,98.10,156.90,235.30,352.90,352.90,352.90,352.90,12.00
13-5-2022 00:00,0.0,0.290,7.89,52.7,42.1,4.7,98.10,156.90,235.30,352.90,352.90,352.90,352.90,12.30
13-5-2022 01:00,0.0,0.290,7.89,52.7,42.1,4.7,98.10,156.90,235.30,352.90,352.90,352.90,352.90,12.50
13-5-2022 02:00,0.0,0.291,7.89,52.6,42.2,4.7,98.10,156.90,235.30,352.90,352.90,352.90,352.90,13.14
13-5-2022 03:00,0.0,0.291,7.89,52.6,42.2,4.7,98.10,156.90,235.30,352.90,352.90,352.90,352.90,13.80
13-5-2022 04:00,0.0,0.291,7.89,52.5,42.2,4.7,98.10,156.90,235.30,352.90,352.90,352.90,352.90,15.60
13-5-2022 05:00,0.0,0.292,7.89,52.5,42.3,4.7,98.10,156.90,235.30,352.90,352.90,352.90,352.90,16.62
13-5-2022 06:00,0.0,0.292,7.90,52.4,42.3,4.8,98.10,156.90,235.30,352.90,352.90,352.90,352.90,19.26
13-5-2022 07:00,0.0,0.292,7.90,52.4,42.3,4.8,98.10,156.90,235.30,352.90,352.90,352.90,352.90,20.94
13-5-2022 08:00,0.0,0.293,7.90,52.3,42.4,4.8,98.10,156.90,235.30,352.90,352.90,352.90,352.90,18.00
13-5-2022 09:00,0.0,0.293,7.9,52.3,42.4,4.8,98.10,156.90,235.30,352.90,352.90,352.90,352.90,15.84
13-5-2022 10:00,45.7,0.292,7.90,52.5,42.2,4.8,111.10,183.00,254.90,359.40,398.60,398.60,398.60,14.64
13-5-2022 11:00,0.0,0.292,7.90,52.7,42.0,4.8,111.10,183.00,254.90,359.40,398.60,398.60,398.60,16.20
13-5-2022 12:00,0.0,0.291,7.91,52.9,41.9,4.8,111.10,183.00,254.90,359.40,398.60,398.60,398.60,19.08
13-5-2022 13:00,0.0,0.290,7.91,53.0,41.7,4.8,111.10,183.00,254.90,359.40,398.60,398.60,398.60,20.82
13-5-2022 14:00,0.0,0.290,7.91,53.2,41.5,4.8,111.10,183.00,254.90,359.40,398.60,398.60,398.60,21.42
13-5-2022 15:00,0.0,0.289,7.91,53.4,41.3,4.8,111.10,183.00,254.90,359.40,398.60,398.60,398.60,20.04
13-5-2022 16:00,91.5,0.288,7.91,53.6,41.1,4.8,137.20,235.30,294.10,372.50,490.10,490.10,490.10,19.01
13-5-2022 17:00,0.0,0.288,7.91,53.8,41.0,4.8,137.20,235.30,294.10,372.50,490.10,490.10,490.10,20.78
13-5-2022 18:00,0.0,0.287,7.92,54.0,40.8,4.8,137.20,235.30,294.10,372.50,490.10,490.10,490.10,21.84
13-5-2022 19:00,0.0,0.286,7.92,54.1,40.6,4.8,137.20,235.30,294.10,372.50,490.10,490.10,490.10,22.56
13-5-2022 20:00,0.0,0.286,7.92,54.3,40.4,4.8,137.20,235.30,294.10,372.50,490.10,490.10,490.10,23.09
13-5-2022 21:00,0.0,0.285,7.92,54.5,40.2,4.8,137.20,235.30,294.10,372.50,490.10,490.10,490.10,23.42
13-5-2022 22:00,0.0,0.284,7.92,54.7,40.0,4.7,137.20,235.30,294.10,372.50,490.10,490.10,490.10,23.95
13-5-2022 23:00,0.0,0.284,7.92,54.9,39.9,4.7,137.20,235.30,294.10,372.50,490.10,490.10,490.10,24.10
14-5-2022 00:00,0.0,0.283,7.93,55.1,39.7,4.7,137.20,235.30,294.10,372.50,490.10,490.10,490.10,24.53
14-5-2022 01:00,0.0,0.282,7.93,55.3,39.5,4.7,137.20,235.30,294.10,372.50,490.10,490.10,490.10,24.38
14-5-2022 02:00,0.0,0.282,7.93,55.4,39.3,4.7,137.20,235.30,294.10,372.50,490.10,490.10,490.10,24.38
14-5-2022 03:00,0.0,0.281,7.93,55.6,39.1,4.7,137.20,235.30,294.10,372.50,490.10,490.10,490.10,23.50
14-5-2022 04:00,0.0,0.281,7.93,55.8,39.0,4.7,137.20,235.30,294.10,372.50,490.10,490.10,490.10,22.90
14-5-2022 05:00,0.0,0.280,7.94,56.0,38.8,4.7,137.20,235.30,294.10,372.50,490.10,490.10,490.10,22.60
14-5-2022 06:00,0.0,0.279,7.94,56.2,38.6,4.7,137.20,235.30,294.10,372.50,490.10,490.10,490.10,22.31
14-5-2022 07:00,0.0,0.279,7.94,56.4,38.4,4.7,137.20,235.30,294.10,372.50,490.10,490.10,490.10,22.00
14-5-2022 08:00,0.0,0.278,7.94,56.6,38.2,4.7,137.20,235.30,294.10,372.50,490.10,490.10,490.10,21.71
14-5-2022 09:00,0.0,0.277,7.94,56.7,38.1,4.7,137.20,235.30,294.10,372.50,490.10,490.10,490.10,21.10
14-5-2022 10:00,0.0,0.277,7.94,56.9,37.9,4.7,91.50,202.60,274.50,346.40,450.90,490.10,490.10,20.53
14-5-2022 11:00,0.0,0.276,7.95,57.1,37.7,4.7,91.50,202.60,274.50,346.40,450.90,490.10,490.10,20.13
14-5-2022 12:00,0.0,0.275,7.95,57.3,37.5,4.7,91.50,202.60,274.50,346.40,450.90,490.10,490.10,19.73
14-5-2022 13:00,0.0,0.275,7.95,57.5,37.3,4.7,91.50,202.60,274.50,346.40,450.90,490.10,490.10,19.60
14-5-2022 14:00,0.0,0.274,7.95,57.7,37.2,4.7,91.50,202.60,274.50,346.40,450.90,490.10,490.10,19.47
14-5-2022 15:00,0.0,0.273,7.95,57.8,37.0,4.7,91.50,202.60,274.50,346.40,450.90,490.10,490.10,19.34
14-5-2022 16:00,0.0,0.273,7.96,58.0,36.8,4.7,0.00,137.20,235.30,294.10,372.50,490.10,490.10,19.14
14-5-2022 17:00,0.0,0.272,7.96,58.2,36.6,4.7,0.00,137.20,235.30,294.10,372.50,490.10,490.10,18.70
14-5-2022 18:00,0.0,0.271,7.96,58.4,36.4,4.7,0.00,137.20,235.30,294.10,372.50,490.10,490.10,18.15
14-5-2022 19:00,0.0,0.271,7.96,58.6,36.3,4.7,0.00,137.20,235.30,294.10,372.50,490.10,490.10,17.60
14-5-2022 20:00,0.0,0.270,7.96,58.8,36.1,4.7,0.00,137.20,235.30,294.10,372.50,490.10,490.10,17.20
14-5-2022 21:00,0.0,0.269,7.96,59.0,35.9,4.7,0.00,137.20,235.30,294.10,372.50,490.10,490.10,16.90
14-5-2022 22:00,0.0,0.269,7.97,59.1,35.7,4.6,0.00,137.20,235.30,294.10,372.50,490.10,490.10,16.00
14-5-2022 23:00,0.0,0.268,7.97,59.3,35.5,4.6,0.00,137.20,235.30,294.10,372.50,490.10,490.10,15.18
15-5-2022 00:00,0.0,0.267,7.97,59.5,35.3,4.6,0.00,137.20,235.30,294.10,372.50,490.10,490.10,14.50
15-5-2022 01:00,0.0,0.267,7.97,59.7,35.2,4.6,0.00,137.20,235.30,294.10,372.50,490.10,490.10,14.00
15-5-2022 02:00,0.0,0.266,7.97,59.9,35.0,4.6,0.00,137.20,235.30,294.10,372.50,490.10,490.10,13.80
15-5-2022 03:00,0.0,0.265,7.97,60.1,34.8,4.6,0.00,137.20,235.30,294.10,372.50,490.10,490.10,13.73
15-5-2022 04:00,0.0,0.265,7.98,60.3,34.6,4.6,0.00,137.20,235.30,294.10,372.50,490.10,490.10,13.50
15-5-2022 05:00,0.0,0.264,7.98,60.4,34.4,4.6,0.00,137.20,235.30,294.10,372.50,490.10,490.10,13.13
15-5-2022 06:00,0.0,0.263,7.98,60.6,34.3,4.6,0.00,137.20,235.30,294.10,372.50,490.10,490.10,12.54
15-5-2022 07:00,0.0,0.263,7.98,60.8,34.1,4.6,0.00,137.20,235.30,294.10,372.50,490.10,490.10,12.00
15-5-2022 08:00,0.0,0.262,7.98,61.0,33.9,4.6,0.00,137.20,235.30,294.10,372.50,490.10,490.10,11.50
15-5-2022 09:00,0.0,0.261,7.99,61.2,33.7,4.6,0.00,137.20,235.30,294.10,372.50,490.10,490.10,11.30
15-5-2022 10:00,0.0,0.261,7.99,61.4,33.5,4.6,0.00,91.50,202.60,274.50,346.40,450.90,490.10,11.20
15-5-2022 11:00,0.0,0.260,7.99,61.5,33.4,4.6,0.00,91.50,202.60,274.50,346.40,450.90,490.10,11.10
15-5-2022 12:00,0.0,0.259,7.99,61.7,33.2,4.6,0.00,91.50,202.60,274.50,346.40,450.90,490.10,11.00
15-5-2022 13:00,0.0,0.259,7.99,61.9,33.0,4.6,0.00,91.50,202.60,274.50,346.40,450.90,490.10,10.90
15-5-2022 14:00,0.0,0.258,7.99,62.1,32.8,4.6,0.00,91.50,202.60,274.50,346.40,450.90,490.10,10.80
15-5-2022 15:00,0.0,0.257,8.00,62.3,32.6,4.6,0.00,91.50,202.60,274.50,346.40,450.90,490.10,10.70
15-5-2022 16:00,0.0,0.257,8.00,62.5,32.5,4.6,0.00,0.00,137.20,235.30,294.10,372.50,490.10,10.60
15-5-2022 17:00,0.0,0.256,8.00,62.7,32.3,4.6,0.00,0.00,137.20,235.30,294.10,372.50,490.10,10.50
15-5-2022 18:00,0.0,0.256,8.00,62.8,32.1,4.6,0.00,0.00,137.20,235.30,294.10,372.50,490.10,10.23
15-5-2022 19:00,0.0,0.255,8.00,63.0,31.9,4.6,0.00,0.00,137.20,235.30,294.10,372.50,490.10,9.80
15-5-2022 20:00,0.0,0.254,8.01,63.2,31.7,4.6,0.00,0.00,137.20,235.30,294.10,372.50,490.10,9.60
15-5-2022 21:00,0.0,0.254,8.01,63.4,31.6,4.6,0.00,0.00,137.20,235.30,294.10,372.50,490.10,9.37
15-5-2022 22:00,0.0,0.253,8.01,63.6,31.4,4.5,0.00,0.00,137.20,235.30,294.10,372.50,490.10,9.04
15-5-2022 23:00,0.0,0.252,8.01,63.8,31.2,4.5,0.00,0.00,137.20,235.30,294.10,372.50,490.10,7.92
16-5-2022 00:00,0.0,0.252,8.01,64.0,31.0,4.5,0.00,0.00,137.20,235.30,294.10,372.50,490.10,7.52
16-5-2022 01:00,0.0,0.251,8.01,64.1,30.8,4.5,0.00,0.00,137.20,235.30,294.10,372.50,490.10,7.00
16-5-2022 02:00,0.0,0.250,8.02,64.3,30.6,4.5,0.00,0.00,137.20,235.30,294.10,372.50,490.10,6.34
16-5-2022 03:00,0.0,0.250,8.02,64.5,30.5,4.5,0.00,0.00,137.20,235.30,294.10,372.50,490.10,6.34
16-5-2022 04:00,0.0,0.249,8.02,64.7,30.3,4.5,0.00,0.00,137.20,235.30,294.10,372.50,490.10,6.15
16-5-2022 05:00,0.0,0.248,8.02,64.9,30.1,4.5,0.00,0.00,137.20,235.30,294.10,372.50,490.10,5.94
16-5-2022 06:00,0.0,0.248,8.02,65.1,29.9,4.5,0.00,0.00,137.20,235.30,294.10,372.50,490.10,5.30
16-5-2022 07:00,0.0,0.247,8.02,65.2,29.7,4.5,0.00,0.00,137.20,235.30,294.10,372.50,490.10,4.80
16-5-2022 08:00,0.0,0.246,8.03,65.4,29.6,4.5,0.00,0.00,137.20,235.30,294.10,372.50,490.10,4.42
16-5-2022 09:00,0.0,0.246,8.03,65.6,29.4,4.5,0.00,0.00,137.20,235.30,294.10,372.50,490.10,4.40
16-5-2022 10:00,39.2,0.245,8.03,65.8,29.2,4.5,39.20,39.20,130.70,241.80,313.70,385.60,490.10,4.40
16-5-2022 11:00,0.0,0.245,8.03,65.3,29.6,4.5,39.20,39.20,130.70,241.80,313.70,385.60,490.10,5.00
16-5-2022 12:00,0.0,0.244,8.03,64.9,30.1,4.5,39.20,39.20,130.70,241.80,313.70,385.60,490.10,6.00
16-5-2022 13:00,0.0,0.244,8.03,64.4,30.5,4.6,39.20,39.20,130.70,241.80,313.70,385.60,490.10,7.00
16-5-2022 14:00,0.0,0.244,8.03,64.0,30.9,4.6,39.20,39.20,130.70,241.80,313.70,385.60,490.10,8.00
16-5-2022 15:00,0.0,0.243,8.03,63.5,31.4,4.6,39.20,39.20,130.70,241.80,313.70,385.60,490.10,9.00
16-5-2022 16:00,78.4,0.243,8.03,63.1,31.8,4.6,117.60,117.60,117.60,254.80,352.90,411.70,490.10,10.00
16-5-2022 17:00,0.0,0.242,8.03,62.6,32.2,4.7,117.60,117.60,117.60,254.80,352.90,411.70,490.10,11.10
16-5-2022 18:00,0.0,0.242,8.03,62.2,32.7,4.7,117.60,117.60,117.60,254.80,352.90,411.70,490.10,11.58
16-5-2022 19:00,0.0,0.242,8.03,61.7,33.1,4.7,117.60,117.60,117.60,254.80,352.90,411.70,490.10,11.46
16-5-2022 20:00,0.0,0.241,8.03,61.3,33.5,4.7,117.60,117.60,117.60,254.80,352.90,411.70,490.10,10.86
16-5-2022 21:00,0.0,0.241,8.03,60.8,33.9,4.8,117.60,117.60,117.60,254.80,352.90,411.70,490.10,10.86
16-5-2022 22:00,0.0,0.241,8.03,60.4,34.4,4.8,117.60,117.60,117.60,254.80,352.90,411.70,490.10,10.68
16-5-2022 23:00,0.0,0.240,8.04,59.9,34.8,4.8,117.60,117.60,117.60,254.80,352.90,411.70,490.10,10.50
17-5-2022 00:00,0.0,0.240,8.04,59.4,35.2,4.8,117.60,117.60,117.60,254.80,352.90,411.70,490.10,10.38
17-5-2022 01:00,0.0,0.239,8.04,59.0,35.7,4.8,117.60,117.60,117.60,254.80,352.90,411.70,490.10,9.72
17-5-2022 02:00,0.0,0.239,8.04,58.5,36.1,4.9,117.60,117.60,117.60,254.80,352.90,411.70,490.10,9.18
17-5-2022 03:00,0.0,0.239,8.04,58.1,36.5,4.9,117.60,117.60,117.60,254.80,352.90,411.70,490.10,9.12
17-5-2022 04:00,0.0,0.238,8.04,57.6,37.0,4.9,117.60,117.60,117.60,254.80,352.90,411.70,490.10,9.10
17-5-2022 05:00,0.0,0.238,8.04,57.2,37.4,4.9,117.60,117.60,117.60,254.80,352.90,411.70,490.10,9.00
17-5-2022 06:00,0.0,0.238,8.04,56.7,37.8,5.0,117.60,117.60,117.60,254.80,352.90,411.70,490.10,8.90
17-5-2022 07:00,0.0,0.237,8.04,56.3,38.3,5.0,117.60,117.60,117.60,254.80,352.90,411.70,490.10,8.82
17-5-2022 08:00,0.0,0.237,8.04,55.8,38.7,5.0,117.60,117.60,117.60,254.80,352.90,411.70,490.10,8.88
17-5-2022 09:00,0.0,0.236,8.04,55.4,39.1,5.0,117.60,117.60,117.60,254.80,352.90,411.70,490.10,8.80
17-5-2022 10:00,26.1,0.236,8.04,54.9,39.6,5.0,104.50,143.70,143.70,235.20,346.30,418.20,490.10,8.90
17-5-2022 11:00,0.0,0.237,8.03,54.4,40.0,5.1,104.50,143.70,143.70,235.20,346.30,418.20,490.10,9.00
17-5-2022 12:00,0.0,0.237,8.02,54.0,40.4,5.1,104.50,143.70,143.70,235.20,346.30,418.20,490.10,9.10
17-5-2022 13:00,0.0,0.238,8.01,53.5,40.8,5.1,104.50,143.70,143.70,235.20,346.30,418.20,490.10,9.20
17-5-2022 14:00,0.0,0.239,8.00,53.1,41.3,5.1,104.50,143.70,143.70,235.20,346.30,418.20,490.10,9.30
17-5-2022 15:00,0.0,0.239,7.99,52.6,41.7,5.2,104.50,143.70,143.70,235.20,346.30,418.20,490.10,9.40
17-5-2022 16:00,52.3,0.240,7.98,52.2,42.1,5.2,78.40,196.00,196.00,196.00,333.20,431.30,490.10,9.50
17-5-2022 17:00,0.0,0.240,7.97,51.7,42.6,5.2,78.40,196.00,196.00,196.00,333.20,431.30,490.10,9.60
17-5-2022 18:00,0.0,0.241,7.96,51.3,43.0,5.2,78.40,196.00,196.00,196.00,333.20,431.30,490.10,10.20
17-5-2022 19:00,0.0,0.242,7.95,50.8,43.4,5.3,78.40,196.00,196.00,196.00,333.20,431.30,490.10,10.62
17-5-2022 20:00,0.0,0.242,7.94,50.4,43.9,5.3,78.40,196.00,196.00,196.00,333.20,431.30,490.10,10.86
17-5-2022 21:00,0.0,0.243,7.93,49.9,44.3,5.3,78.40,196.00,196.00,196.00,333.20,431.30,490.10,12.54
17-5-2022 22:00,0.0,0.244,7.92,49.5,44.7,5.3,78.40,196.00,196.00,196.00,333.20,431.30,490.10,13.74
17-5-2022 23:00,0.0,0.244,7.90,49.0,45.2,5.3,78.40,196.00,196.00,196.00,333.20,431.30,490.10,16.38
18-5-2022 00:00,0.0,0.245,7.89,48.5,45.6,5.4,78.40,196.00,196.00,196.00,333.20,431.30,490.10,17.10
18-5-2022 01:00,0.0,0.245,7.88,48.1,46.0,5.4,78.40,196.00,196.00,196.00,333.20,431.30,490.10,20.76
18-5-2022 02:00,0.0,0.246,7.87,47.6,46.4,5.4,78.40,196.00,196.00,196.00,333.20,431.30,490.10,21.78
18-5-2022 03:00,0.0,0.247,7.86,47.2,46.9,5.4,78.40,196.00,196.00,196.00,333.20,431.30,490.10,22.50
18-5-2022 04:00,0.0,0.247,7.85,46.7,47.3,5.5,78.40,196.00,196.00,196.00,333.20,431.30,490.10,23.04
18-5-2022 05:00,0.0,0.248,7.84,46.3,47.7,5.5,78.40,196.00,196.00,196.00,333.20,431.30,490.10,24.18
18-5-2022 06:00,0.0,0.249,7.83,45.8,48.2,5.5,78.40,196.00,196.00,196.00,333.20,431.30,490.10,24.78
18-5-2022 07:00,0.0,0.249,7.82,45.4,48.6,5.5,78.40,196.00,196.00,196.00,333.20,431.30,490.10,25.86
18-5-2022 08:00,0.0,0.250,7.81,44.9,49.0,5.6,78.40,196.00,196.00,196.00,333.20,431.30,490.10,26.10
18-5-2022 09:00,0.0,0.250,7.80,44.5,49.5,5.6,78.40,196.00,196.00,196.00,333.20,431.30,490.10,26.00
18-5-2022 10:00,19.6,0.251,7.79,44.0,49.9,5.6,71.90,176.40,215.60,215.60,307.10,418.20,490.10,25.68
18-5-2022 11:00,0.0,0.251,7.79,44.5,49.5,5.6,71.90,176.40,215.60,215.60,307.10,418.20,490.10,25.26
18-5-2022 12:00,0.0,0.251,7.80,44.9,49.0,5.6,71.90,176.40,215.60,215.60,307.10,418.20,490.10,25.00
18-5-2022 13:00,0.0,0.251,7.80,45.4,48.6,5.6,71.90,176.40,215.60,215.60,307.10,418.20,490.10,24.50
18-5-2022 14:00,0.0,0.252,7.81,45.8,48.2,5.5,71.90,176.40,215.60,215.60,307.10,418.20,490.10,24.00
18-5-2022 15:00,0.0,0.252,7.81,46.3,47.7,5.5,71.90,176.40,215.60,215.60,307.10,418.20,490.10,23.46
18-5-2022 16:00,39.2,0.252,7.82,46.7,47.3,5.5,58.80,137.20,254.80,254.80,254.80,392.00,490.10,20.40
18-5-2022 17:00,0.0,0.252,7.82,47.2,46.9,5.5,58.80,137.20,254.80,254.80,254.80,392.00,490.10,19.26
18-5-2022 18:00,0.0,0.252,7.82,47.6,46.4,5.5,58.80,137.20,254.80,254.80,254.80,392.00,490.10,19.08
18-5-2022 19:00,0.0,0.252,7.83,48.1,46.0,5.5,58.80,137.20,254.80,254.80,254.80,392.00,490.10,18.72
18-5-2022 20:00,0.0,0.252,7.83,48.5,45.6,5.4,58.80,137.20,254.80,254.80,254.80,392.00,490.10,18.48
18-5-2022 21:00,0.0,0.252,7.84,49.0,45.1,5.4,58.80,137.20,254.80,254.80,254.80,392.00,490.10,18.24
18-5-2022 22:00,0.0,0.253,7.84,49.4,44.7,5.4,58.80,137.20,254.80,254.80,254.80,392.00,490.10,17.94
18-5-2022 23:00,0.0,0.253,7.84,49.9,44.3,5.4,58.80,137.20,254.80,254.80,254.80,392.00,490.10,16.68
19-5-2022 00:00,0.0,0.253,7.85,50.3,43.8,5.4,58.80,137.20,254.80,254.80,254.80,392.00,490.10,15.84
19-5-2022 01:00,0.0,0.253,7.85,50.8,43.4,5.4,58.80,137.20,254.80,254.80,254.80,392.00,490.10,15.84
19-5-2022 02:00,0.0,0.253,7.86,51.2,43.0,5.3,58.80,137.20,254.80,254.80,254.80,392.00,490.10,15.84
19-5-2022 03:00,0.0,0.253,7.86,51.7,42.5,5.3,58.80,137.20,254.80,254.80,254.80,392.00,490.10,15.84
19-5-2022 04:00,0.0,0.253,7.87,52.1,42.1,5.3,58.80,137.20,254.80,254.80,254.80,392.00,490.10,15.84
19-5-2022 05:00,0.0,0.253,7.87,52.6,41.7,5.3,58.80,137.20,254.80,254.80,254.80,392.00,490.10,15.84
19-5-2022 06:00,0.0,0.254,7.87,53.0,41.2,5.3,58.80,137.20,254.80,254.80,254.80,392.00,490.10,15.84
19-5-2022 07:00,0.0,0.254,7.88,53.5,40.8,5.3,58.80,137.20,254.80,254.80,254.80,392.00,490.10,15.72
19-5-2022 08:00,0.0,0.254,7.88,53.9,40.4,5.2,58.80,137.20,254.80,254.80,254.80,392.00,490.10,15.60
19-5-2022 09:00,0.0,0.254,7.89,54.4,39.9,5.2,58.80,137.20,254.80,254.80,254.80,392.00,490.10,15.72
19-5-2022 10:00,32.7,0.254,7.89,54.8,39.5,5.2,71.90,143.80,248.30,287.50,287.50,379.00,490.10,15.72
19-5-2022 11:00,0.0,0.254,7.89,54.6,39.7,5.2,71.90,143.80,248.30,287.50,287.50,379.00,490.10,15.50
19-5-2022 12:00,0.0,0.255,7.90,54.4,39.9,5.2,71.90,143.80,248.30,287.50,287.50,379.00,490.10,15.30
19-5-2022 13:00,0.0,0.255,7.90,54.1,40.2,5.2,71.90,143.80,248.30,287.50,287.50,379.00,490.10,15.10
19-5-2022 14:00,0.0,0.256,7.90,53.9,40.4,5.2,71.90,143.80,248.30,287.50,287.50,379.00,490.10,15.00
19-5-2022 15:00,0.0,0.256,7.90,53.7,40.6,5.2,71.90,143.80,248.30,287.50,287.50,379.00,490.10,15.18
19-5-2022 16:00,65.3,0.256,7.91,53.5,40.8,5.2,98.00,156.80,235.20,352.80,352.80,352.80,490.00,17.52
19-5-2022 17:00,0.0,0.257,7.91,53.3,41.0,5.2,98.00,156.80,235.20,352.80,352.80,352.80,490.00,19.14
19-5-2022 18:00,0.0,0.257,7.91,53.0,41.3,5.2,98.00,156.80,235.20,352.80,352.80,352.80,490.00,20.10
19-5-2022 19:00,0.0,0.257,7.91,52.8,41.5,5.2,98.00,156.80,235.20,352.80,352.80,352.80,490.00,20.64
19-5-2022 20:00,0.0,0.258,7.92,52.6,41.7,5.2,98.00,156.80,235.20,352.80,352.80,352.80,490.00,20.80
19-5-2022 21:00,0.0,0.258,7.92,52.4,41.9,5.2,98.00,156.80,235.20,352.80,352.80,352.80,490.00,20.50
19-5-2022 22:00,0.0,0.259,7.92,52.2,42.2,5.2,98.00,156.80,235.20,352.80,352.80,352.80,490.00,20.28
19-5-2022 23:00,0.0,0.259,7.92,51.9,42.4,5.2,98.00,156.80,235.20,352.80,352.80,352.80,490.00,19.08
20-5-2022 00:00,0.0,0.259,7.93,51.7,42.6,5.2,98.00,156.80,235.20,352.80,352.80,352.80,490.00,17.10
20-5-2022 01:00,0.0,0.260,7.93,51.5,42.8,5.2,98.00,156.80,235.20,352.80,352.80,352.80,490.00,18.36
20-5-2022 02:00,0.0,0.260,7.93,51.3,43.0,5.2,98.00,156.80,235.20,352.80,352.80,352.80,490.00,19.20
20-5-2022 03:00,0.0,0.260,7.93,51.0,43.3,5.2,98.00,156.80,235.20,352.80,352.80,352.80,490.00,21.06
20-5-2022 04:00,0.0,0.261,7.94,50.8,43.5,5.2,98.00,156.80,235.20,352.80,352.80,352.80,490.00,21.60
20-5-2022 05:00,0.0,0.261,7.94,50.6,43.7,5.2,98.00,156.80,235.20,352.80,352.80,352.80,490.00,22.00
20-5-2022 06:00,0.0,0.262,7.94,50.4,43.9,5.2,98.00,156.80,235.20,352.80,352.80,352.80,490.00,21.60
20-5-2022 07:00,0.0,0.262,7.94,50.2,44.1,5.2,98.00,156.80,235.20,352.80,352.80,352.80,490.00,20.58
20-5-2022 08:00,0.0,0.262,7.95,49.9,44.4,5.2,98.00,156.80,235.20,352.80,352.80,352.80,490.00,20.10
20-5-2022 09:00,0.0,0.263,7.95,49.7,44.6,5.2,98.00,156.80,235.20,352.80,352.80,352.80,490.00,19.50
20-5-2022 10:00,45.7,0.263,7.95,49.5,44.8,5.2,111.00,182.90,254.80,359.30,398.50,398.50,490.00,19.00
20-5-2022 11:00,0.0,0.263,7.95,49.7,44.6,5.2,111.00,182.90,254.80,359.30,398.50,398.50,490.00,18.36
20-5-2022 12:00,0.0,0.263,7.95,49.9,44.5,5.2,111.00,182.90,254.80,359.30,398.50,398.50,490.00,18.60
20-5-2022 13:00,0.0,0.263,7.95,50.0,44.3,5.2,111.00,182.90,254.80,359.30,398.50,398.50,490.00,19.44
20-5-2022 14:00,0.0,0.263,7.95,50.2,44.1,5.1,111.00,182.90,254.80,359.30,398.50,398.50,490.00,19.86
20-5-2022 15:00,0.0,0.263,7.95,50.4,44.0,5.1,111.00,182.90,254.80,359.30,398.50,398.50,490.00,20.30
20-5-2022 16:00,91.4,0.263,7.95,50.6,43.8,5.1,137.10,235.10,293.90,372.30,489.90,489.90,489.90,20.70
20-5-2022 17:00,0.0,0.263,7.95,50.8,43.6,5.1,137.10,235.10,293.90,372.30,489.90,489.90,489.90,21.06
20-5-2022 18:00,0.0,0.263,7.94,50.9,43.5,5.1,137.10,235.10,293.90,372.30,489.90,489.90,489.90,21.50
20-5-2022 19:00,0.0,0.263,7.94,51.1,43.3,5.1,137.10,235.10,293.90,372.30,489.90,489.90,489.90,22.08
20-5-2022 20:00,0.0,0.263,7.94,51.3,43.1,5.0,137.10,235.10,293.90,372.30,489.90,489.90,489.90,22.50
20-5-2022 21:00,0.0,0.263,7.94,51.5,43.0,5.0,137.10,235.10,293.90,372.30,489.90,489.90,489.90,23.00
20-5-2022 22:00,0.0,0.263,7.94,51.7,42.8,5.0,137.10,235.10,293.90,372.30,489.90,489.90,489.90,24.00
20-5-2022 23:00,0.0,0.263,7.94,51.8,42.7,5.0,137.10,235.10,293.90,372.30,489.90,489.90,489.90,25.20
21-5-2022 00:00,0.0,0.263,7.94,52.0,42.5,5.0,137.10,235.10,293.90,372.30,489.90,489.90,489.90,27.30
21-5-2022 01:00,0.0,0.263,7.94,52.2,42.3,5.0,137.10,235.10,293.90,372.30,489.90,489.90,489.90,26.94
21-5-2022 02:00,0.0,0.263,7.94,52.4,42.2,4.9,137.10,235.10,293.90,372.30,489.90,489.90,489.90,25.80
21-5-2022 03:00,0.0,0.263,7.94,52.6,42.0,4.9,137.10,235.10,293.90,372.30,489.90,489.90,489.90,25.50
21-5-2022 04:00,0.0,0.264,7.94,52.8,41.8,4.9,137.10,235.10,293.90,372.30,489.90,489.90,489.90,25.38
21-5-2022 05:00,0.0,0.264,7.94,52.9,41.7,4.9,137.10,235.10,293.90,372.30,489.90,489.90,489.90,25.38
21-5-2022 06:00,0.0,0.264,7.94,53.1,41.5,4.9,137.10,235.10,293.90,372.30,489.90,489.90,489.90,25.20
21-5-2022 07:00,0.0,0.264,7.94,53.3,41.3,4.9,137.10,235.10,293.90,372.30,489.90,489.90,489.90,24.50
21-5-2022 08:00,0.0,0.264,7.93,53.5,41.2,4.8,137.10,235.10,293.90,372.30,489.90,489.90,489.90,22.80
21-5-2022 09:00,0.0,0.264,7.93,53.7,41.0,4.8,137.10,235.10,293.90,372.30,489.90,489.90,489.90,22.56
21-5-2022 10:00,0.0,0.264,7.93,53.8,40.8,4.8,91.40,202.40,274.30,346.20,450.70,489.90,489.90,22.20
21-5-2022 11:00,0.0,0.264,7.93,54.0,40.7,4.8,91.40,202.40,274.30,346.20,450.70,489.90,489.90,21.70
21-5-2022 12:00,0.0,0.264,7.93,54.2,40.5,4.8,91.40,202.40,274.30,346.20,450.70,489.90,489.90,20.50
21-5-2022 13:00,0.0,0.264,7.93,54.4,40.3,4.8,91.40,202.40,274.30,346.20,450.70,489.90,489.90,20.00
21-5-2022 14:00,0.0,0.264,7.93,54.6,40.2,4.7,91.40,202.40,274.30,346.20,450.70,489.90,489.90,19.40
21-5-2022 15:00,0.0,0.264,7.93,54.7,40.0,4.7,91.40,202.40,274.30,346.20,450.70,489.90,489.90,19.00
21-5-2022 16:00,0.0,0.264,7.93,54.9,39.8,4.7,0.00,137.10,235.10,293.90,372.30,489.90,489.90,18.60
21-5-2022 17:00,0.0,0.264,7.93,55.1,39.7,4.7,0.00,137.10,235.10,293.90,372.30,489.90,489.90,16.26
21-5-2022 18:00,0.0,0.264,7.93,55.3,39.5,4.7,0.00,137.10,235.10,293.90,372.30,489.90,489.90,15.18
21-5-2022 19:00,0.0,0.264,7.93,55.5,39.3,4.7,0.00,137.10,235.10,293.90,372.30,489.90,489.90,15.12
21-5-2022 20:00,0.0,0.264,7.93,55.6,39.2,4.6,0.00,137.10,235.10,293.90,372.30,489.90,489.90,14.52
21-5-2022 21:00,0.0,0.264,7.93,55.8,39.0,4.6,0.00,137.10,235.10,293.90,372.30,489.90,489.90,14.34
21-5-2022 22:00,0.0,0.264,7.93,56.0,38.9,4.6,0.00,137.10,235.10,293.90,372.30,489.90,489.90,14.22
21-5-2022 23:00,0.0,0.264,7.92,56.2,38.7,4.6,0.00,137.10,235.10,293.90,372.30,489.90,489.90,13.98
22-5-2022 00:00,0.0,0.264,7.92,56.4,38.5,4.6,0.00,137.10,235.10,293.90,372.30,489.90,489.90,13.98
22-5-2022 01:00,0.0,0.264,7.92,56.5,38.4,4.6,0.00,137.10,235.10,293.90,372.30,489.90,489.90,13.44
22-5-2022 02:00,0.0,0.264,7.92,56.7,38.2,4.5,0.00,137.10,235.10,293.90,372.30,489.90,489.90,13.20
22-5-2022 03:00,0.0,0.264,7.92,56.9,38.0,4.5,0.00,137.10,235.10,293.90,372.30,489.90,489.90,12.72
22-5-2022 04:00,0.0,0.264,7.92,57.1,37.9,4.5,0.00,137.10,235.10,293.90,372.30,489.90,489.90,12.36
22-5-2022 05:00,0.0,0.264,7.92,57.3,37.7,4.5,0.00,137.10,235.10,293.90,372.30,489.90,489.90,11.46
22-5-2022 06:00,0.0,0.264,7.92,57.4,37.5,4.5,0.00,137.10,235.10,293.90,372.30,489.90,489.90,10.98
22-5-2022 07:00,0.0,0.264,7.92,57.6,37.4,4.5,0.00,137.10,235.10,293.90,372.30,489.90,489.90,10.32
22-5-2022 08:00,0.0,0.264,7.92,57.8,37.2,4.4,0.00,137.10,235.10,293.90,372.30,489.90,489.90,10.32
22-5-2022 09:00,0.0,0.264,7.92,58.0,37.0,4.4,0.00,137.10,235.10,293.90,372.30,489.90,489.90,10.08
22-5-2022 10:00,0.0,0.264,7.92,58.2,36.9,4.4,0.00,91.40,202.40,274.30,346.20,450.70,489.90,9.62
22-5-2022 11:00,0.0,0.264,7.92,58.3,36.7,4.4,0.00,91.40,202.40,274.30,346.20,450.70,489.90,9.26
22-5-2022 12:00,0.0,0.264,7.92,58.5,36.5,4.4,0.00,91.40,202.40,274.30,346.20,450.70,489.90,8.66
22-5-2022 13:00,0.0,0.264,7.91,58.7,36.4,4.4,0.00,91.40,202.40,274.30,346.20,450.70,489.90,7.38
22-5-2022 14:00,0.0,0.264,7.91,58.9,36.2,4.3,0.00,91.40,202.40,274.30,346.20,450.70,489.90,6.90
22-5-2022 15:00,0.0,0.264,7.91,59.1,36.0,4.3,0.00,91.40,202.40,274.30,346.20,450.70,489.90,6.10
22-5-2022 16:00,0.0,0.265,7.91,59.3,35.9,4.3,0.00,0.00,137.10,235.10,293.90,372.30,489.90,5.39
22-5-2022 17:00,0.0,0.265,7.91,59.4,35.7,4.3,0.00,0.00,137.10,235.10,293.90,372.30,489.90,5.28
22-5-2022 18:00,0.0,0.265,7.91,59.6,35.5,4.3,0.00,0.00,137.10,235.10,293.90,372.30,489.90,4.99
22-5-2022 19:00,0.0,0.265,7.91,59.8,35.4,4.3,0.00,0.00,137.10,235.10,293.90,372.30,489.90,4.88
22-5-2022 20:00,0.0,0.265,7.91,60.0,35.2,4.2,0.00,0.00,137.10,235.10,293.90,372.30,489.90,5.12
22-5-2022 21:00,0.0,0.265,7.91,60.2,35.0,4.2,0.00,0.00,137.10,235.10,293.90,372.30,489.90,4.86
22-5-2022 22:00,0.0,0.265,7.91,60.3,34.9,4.2,0.00,0.00,137.10,235.10,293.90,372.30,489.90,5.15
22-5-2022 23:00,0.0,0.265,7.91,60.5,34.7,4.2,0.00,0.00,137.10,235.10,293.90,372.30,489.90,4.89
23-5-2022 00:00,0.0,0.265,7.91,60.7,34.6,4.2,0.00,0.00,137.10,235.10,293.90,372.30,489.90,4.78
23-5-2022 01:00,0.0,0.265,7.91,60.9,34.4,4.2,0.00,0.00,137.10,235.10,293.90,372.30,489.90,4.82
23-5-2022 02:00,0.0,0.265,7.91,61.1,34.2,4.1,0.00,0.00,137.10,235.10,293.90,372.30,489.90,4.61
23-5-2022 03:00,0.0,0.265,7.90,61.2,34.1,4.1,0.00,0.00,137.10,235.10,293.90,372.30,489.90,4.93
23-5-2022 04:00,0.0,0.265,7.90,61.4,33.9,4.1,0.00,0.00,137.10,235.10,293.90,372.30,489.90,4.96
23-5-2022 05:00,0.0,0.265,7.90,61.6,33.7,4.1,0.00,0.00,137.10,235.10,293.90,372.30,489.90,5.02
23-5-2022 06:00,0.0,0.265,7.90,61.8,33.6,4.1,0.00,0.00,137.10,235.10,293.90,372.30,489.90,5.11
23-5-2022 07:00,0.0,0.265,7.90,62.0,33.4,4.1,0.00,0.00,137.10,235.10,293.90,372.30,489.90,5.25
23-5-2022 08:00,0.0,0.265,7.90,62.1,33.2,4.0,0.00,0.00,137.10,235.10,293.90,372.30,489.90,5.79
23-5-2022 09:00,0.0,0.265,7.90,62.3,33.1,4.0,0.00,0.00,137.10,235.10,293.90,372.30,489.90,6.43
23-5-2022 10:00,39.2,0.265,7.90,62.5,32.9,4.0,39.20,39.20,130.60,241.60,313.50,385.40,489.90,7.37
23-5-2022 11:00,0.0,0.266,7.91,62.4,33.0,4.0,39.20,39.20,130.60,241.60,313.50,385.40,489.90,8.20
23-5-2022 12:00,0.0,0.267,7.91,62.3,33.2,4.0,39.20,39.20,130.60,241.60,313.50,385.40,489.90,8.83
23-5-2022 13:00,0.0,0.269,7.92,62.2,33.3,4.1,39.20,39.20,130.60,241.60,313.50,385.40,489.90,9.32
23-5-2022 14:00,0.0,0.270,7.93,62.1,33.4,4.1,39.20,39.20,130.60,241.60,313.50,385.40,489.90,9.63
23-5-2022 15:00,0.0,0.271,7.93,62.0,33.5,4.1,39.20,39.20,130.60,241.60,313.50,385.40,489.90,10.00
23-5-2022 16:00,78.4,0.272,7.94,61.9,33.7,4.1,117.60,117.60,117.60,254.70,352.70,411.50,489.90,10.00
23-5-2022 17:00,0.0,0.273,7.94,61.7,33.8,4.1,117.60,117.60,117.60,254.70,352.70,411.50,489.90,10.00
23-5-2022 18:00,0.0,0.275,7.95,61.6,33.9,4.2,117.60,117.60,117.60,254.70,352.70,411.50,489.90,10.00
23-5-2022 19:00,0.0,0.276,7.96,61.5,34.0,4.2,117.60,117.60,117.60,254.70,352.70,411.50,489.90,10.00
23-5-2022 20:00,0.0,0.277,7.96,61.4,34.2,4.2,117.60,117.60,117.60,254.70,352.70,411.50,489.90,10.00
23-5-2022 21:00,0.0,0.278,7.97,61.3,34.3,4.2,117.60,117.60,117.60,254.70,352.70,411.50,489.90,10.00
23-5-2022 22:00,0.0,0.280,7.98,61.2,34.4,4.3,117.60,117.60,117.60,254.70,352.70,411.50,489.90,10.00
23-5-2022 23:00,0.0,0.281,7.98,61.1,34.5,4.3,117.60,117.60,117.60,254.70,352.70,411.50,489.90,10.00
24-5-2022 00:00,0.0,0.282,7.99,61.0,34.7,4.3,117.60,117.60,117.60,254.70,352.70,411.50,489.90,10.00
24-5-2022 01:00,0.0,0.283,7.99,60.9,34.8,4.3,117.60,117.60,117.60,254.70,352.70,411.50,489.90,10.00
24-5-2022 02:00,0.0,0.284,8.00,60.8,34.9,4.3,117.60,117.60,117.60,254.70,352.70,411.50,489.90,10.00
24-5-2022 03:00,0.0,0.286,8.01,60.7,35.0,4.4,117.60,117.60,117.60,254.70,352.70,411.50,489.90,10.00
24-5-2022 04:00,0.0,0.287,8.01,60.6,35.2,4.4,117.60,117.60,117.60,254.70,352.70,411.50,489.90,10.00
24-5-2022 05:00,0.0,0.288,8.02,60.4,35.3,4.4,117.60,117.60,117.60,254.70,352.70,411.50,489.90,10.00
24-5-2022 06:00,0.0,0.289,8.02,60.3,35.4,4.4,117.60,117.60,117.60,254.70,352.70,411.50,489.90,10.00
24-5-2022 07:00,0.0,0.290,8.03,60.2,35.5,4.4,117.60,117.60,117.60,254.70,352.70,411.50,489.90,10.00
24-5-2022 08:00,0.0,0.292,8.04,60.1,35.7,4.5,117.60,117.60,117.60,254.70,352.70,411.50,489.90,10.00
24-5-2022 09:00,0.0,0.293,8.04,60.0,35.8,4.5,117.60,117.60,117.60,254.70,352.70,411.50,489.90,10.00
24-5-2022 10:00,26.1,0.294,8.05,59.9,35.9,4.5,104.50,143.70,143.70,235.10,346.10,418.00,489.90,10.01
24-5-2022 11:00,0.0,0.295,8.04,59.4,36.3,4.6,104.50,143.70,143.70,235.10,346.10,418.00,489.90,10.93
24-5-2022 12:00,0.0,0.297,8.04,58.8,36.8,4.6,104.50,143.70,143.70,235.10,346.10,418.00,489.90,11.77
24-5-2022 13:00,0.0,0.298,8.03,58.3,37.2,4.7,104.50,143.70,143.70,235.10,346.10,418.00,489.90,12.09
24-5-2022 14:00,0.0,0.300,8.02,57.7,37.7,4.7,104.50,143.70,143.70,235.10,346.10,418.00,489.90,12.37
24-5-2022 15:00,0.0,0.301,8.02,57.2,38.1,4.8,104.50,143.70,143.70,235.10,346.10,418.00,489.90,12.79
24-5-2022 16:00,52.3,0.303,8.01,56.6,38.6,4.8,78.40,196.00,196.00,196.00,333.10,431.10,489.90,13.00
24-5-2022 17:00,0.0,0.304,8.00,56.1,39.0,4.9,78.40,196.00,196.00,196.00,333.10,431.10,489.90,13.35
24-5-2022 18:00,0.0,0.306,7.99,55.5,39.4,5.0,78.40,196.00,196.00,196.00,333.10,431.10,489.90,13.75
24-5-2022 19:00,0.0,0.307,7.99,55.0,39.9,5.0,78.40,196.00,196.00,196.00,333.10,431.10,489.90,14.16
24-5-2022 20:00,0.0,0.309,7.98,54.4,40.3,5.1,78.40,196.00,196.00,196.00,333.10,431.10,489.90,14.56
24-5-2022 21:00,0.0,0.310,7.97,53.9,40.8,5.1,78.40,196.00,196.00,196.00,333.10,431.10,489.90,14.97
24-5-2022 22:00,0.0,0.312,7.97,53.3,41.2,5.2,78.40,196.00,196.00,196.00,333.10,431.10,489.90,15.37
24-5-2022 23:00,0.0,0.313,7.96,52.8,41.7,5.2,78.40,196.00,196.00,196.00,333.10,431.10,489.90,15.78
25-5-2022 00:00,0.0,0.315,7.95,52.2,42.1,5.3,78.40,196.00,196.00,196.00,333.10,431.10,489.90,16.18
25-5-2022 01:00,0.0,0.316,7.95,51.7,42.6,5.3,78.40,196.00,196.00,196.00,333.10,431.10,489.90,16.61
25-5-2022 02:00,0.0,0.318,7.94,51.1,43.0,5.4,78.40,196.00,196.00,196.00,333.10,431.10,489.90,17.16
25-5-2022 03:00,0.0,0.319,7.93,50.6,43.4,5.5,78.40,196.00,196.00,196.00,333.10,431.10,489.90,17.47
25-5-2022 04:00,0.0,0.321,7.92,50.0,43.9,5.5,78.40,196.00,196.00,196.00,333.10,431.10,489.90,17.89
25-5-2022 05:00,0.0,0.322,7.92,49.5,44.3,5.6,78.40,196.00,196.00,196.00,333.10,431.10,489.90,18.31
25-5-2022 06:00,0.0,0.324,7.91,48.9,44.8,5.6,78.40,196.00,196.00,196.00,333.10,431.10,489.90,18.73
25-5-2022 07:00,0.0,0.325,7.90,48.4,45.2,5.7,78.40,196.00,196.00,196.00,333.10,431.10,489.90,19.15
25-5-2022 08:00,0.0,0.327,7.90,47.8,45.7,5.7,78.40,196.00,196.00,196.00,333.10,431.10,489.90,19.57
25-5-2022 09:00,0.0,0.328,7.89,47.3,46.1,5.8,78.40,196.00,196.00,196.00,333.10,431.10,489.90,19.99
25-5-2022 10:00,45.7,0.328,7.89,47.5,46.0,5.8,98.00,202.50,241.70,241.70,333.10,444.10,516.00,20.39
25-5-2022 11:00,0.0,0.328,7.89,47.6,45.8,5.8,98.00,202.50,241.70,241.70,333.10,444.10,516.00,21.87
25-5-2022 12:00,0.0,0.327,7.89,47.8,45.7,5.8,98.00,202.50,241.70,241.70,333.10,444.10,516.00,23.52
25-5-2022 13:00,0.0,0.327,7.89,47.9,45.5,5.8,98.00,202.50,241.70,241.70,333.10,444.10,516.00,23.81
25-5-2022 14:00,0.0,0.327,7.90,48.1,45.4,5.8,98.00,202.50,241.70,241.70,333.10,444.10,516.00,23.71
25-5-2022 15:00,0.0,0.327,7.90,48.2,45.2,5.7,98.00,202.50,241.70,241.70,333.10,444.10,516.00,24.25
25-5-2022 16:00,91.5,0.326,7.90,48.4,45.1,5.7,137.20,215.60,333.20,333.20,333.20,470.30,568.30,24.75
25-5-2022 17:00,0.0,0.326,7.90,48.5,44.9,5.7,137.20,215.60,333.20,333.20,333.20,470.30,568.30,25.64
25-5-2022 18:00,0.0,0.326,7.90,48.7,44.8,5.7,137.20,215.60,333.20,333.20,333.20,470.30,568.30,26.77
25-5-2022 19:00,0.0,0.326,7.90,48.8,44.6,5.7,137.20,215.60,333.20,333.20,333.20,470.30,568.30,27.41
25-5-2022 20:00,0.0,0.325,7.90,49.0,44.5,5.7,137.20,215.60,333.20,333.20,333.20,470.30,568.30,27.75
25-5-2022 21:00,0.0,0.325,7.90,49.2,44.4,5.7,137.20,215.60,333.20,333.20,333.20,470.30,568.30,25.89
25-5-2022 22:00,0.0,0.325,7.91,49.3,44.2,5.7,137.20,215.60,333.20,333.20,333.20,470.30,568.30,23.81
25-5-2022 23:00,0.0,0.325,7.91,49.5,44.1,5.7,137.20,215.60,333.20,333.20,333.20,470.30,568.30,22.09
26-5-2022 00:00,0.0,0.325,7.91,49.6,43.9,5.7,137.20,215.60,333.20,333.20,333.20,470.30,568.30,21.33
26-5-2022 01:00,0.0,0.324,7.91,49.8,43.8,5.7,137.20,215.60,333.20,333.20,333.20,470.30,568.30,22.86
26-5-2022 02:00,0.0,0.324,7.91,49.9,43.6,5.6,137.20,215.60,333.20,333.20,333.20,470.30,568.30,25.06
26-5-2022 03:00,0.0,0.324,7.91,50.1,43.5,5.6,137.20,215.60,333.20,333.20,333.20,470.30,568.30,26.77
26-5-2022 04:00,0.0,0.324,7.91,50.2,43.3,5.6,137.20,215.60,333.20,333.20,333.20,470.30,568.30,28.06
26-5-2022 05:00,0.0,0.323,7.91,50.4,43.2,5.6,137.20,215.60,333.20,333.20,333.20,470.30,568.30,29.28
26-5-2022 06:00,0.0,0.323,7.91,50.5,43.0,5.6,137.20,215.60,333.20,333.20,333.20,470.30,568.30,29.50
26-5-2022 07:00,0.0,0.323,7.92,50.7,42.9,5.6,137.20,215.60,333.20,333.20,333.20,470.30,568.30,29.58
26-5-2022 08:00,0.0,0.323,7.92,50.8,42.7,5.6,137.20,215.60,333.20,333.20,333.20,470.30,568.30,29.27
26-5-2022 09:00,0.0,0.322,7.92,51.0,42.6,5.6,137.20,215.60,333.20,333.20,333.20,470.30,568.30,28.16
26-5-2022 10:00,0.0,0.322,7.92,51.2,42.5,5.6,91.50,189.50,294.00,333.20,333.20,424.60,535.60,26.95
26-5-2022 11:00,0.0,0.322,7.92,51.3,42.3,5.6,91.50,189.50,294.00,333.20,333.20,424.60,535.60,24.80
26-5-2022 12:00,0.0,0.322,7.92,51.5,42.2,5.6,91.50,189.50,294.00,333.20,333.20,424.60,535.60,23.24
26-5-2022 13:00,0.0,0.321,7.92,51.6,42.0,5.5,91.50,189.50,294.00,333.20,333.20,424.60,535.60,22.78
26-5-2022 14:00,0.0,0.321,7.92,51.8,41.9,5.5,91.50,189.50,294.00,333.20,333.20,424.60,535.60,21.60
26-5-2022 15:00,0.0,0.321,7.92,51.9,41.7,5.5,91.50,189.50,294.00,333.20,333.20,424.60,535.60,21.00
26-5-2022 16:00,0.0,0.321,7.93,52.1,41.6,5.5,0.00,137.20,215.60,333.20,333.20,333.20,470.30,20.97
26-5-2022 17:00,0.0,0.321,7.93,52.2,41.4,5.5,0.00,137.20,215.60,333.20,333.20,333.20,470.30,19.97
26-5-2022 18:00,0.0,0.320,7.93,52.4,41.3,5.5,0.00,137.20,215.60,333.20,333.20,333.20,470.30,19.09
26-5-2022 19:00,0.0,0.320,7.93,52.5,41.1,5.5,0.00,137.20,215.60,333.20,333.20,333.20,470.30,19.15
26-5-2022 20:00,0.0,0.320,7.93,52.7,41.0,5.5,0.00,137.20,215.60,333.20,333.20,333.20,470.30,18.51
26-5-2022 21:00,0.0,0.320,7.93,52.9,40.8,5.5,0.00,137.20,215.60,333.20,333.20,333.20,470.30,17.72
26-5-2022 22:00,0.0,0.319,7.93,53.0,40.7,5.5,0.00,137.20,215.60,333.20,333.20,333.20,470.30,17.38
26-5-2022 23:00,0.0,0.319,7.93,53.2,40.6,5.5,0.00,137.20,215.60,333.20,333.20,333.20,470.30,16.99
27-5-2022 00:00,0.0,0.319,7.94,53.3,40.4,5.4,0.00,137.20,215.60,333.20,333.20,333.20,470.30,16.45
27-5-2022 01:00,0.0,0.319,7.94,53.5,40.3,5.4,0.00,137.20,215.60,333.20,333.20,333.20,470.30,16.05
27-5-2022 02:00,0.0,0.318,7.94,53.6,40.1,5.4,0.00,137.20,215.60,333.20,333.20,333.20,470.30,16.01
27-5-2022 03:00,0.0,0.318,7.94,53.8,40.0,5.4,0.00,137.20,215.60,333.20,333.20,333.20,470.30,14.90
27-5-2022 04:00,0.0,0.318,7.94,53.9,39.8,5.4,0.00,137.20,215.60,333.20,333.20,333.20,470.30,14.46
27-5-2022 05:00,0.0,0.318,7.94,54.1,39.7,5.4,0.00,137.20,215.60,333.20,333.20,333.20,470.30,14.61
27-5-2022 06:00,0.0,0.318,7.94,54.2,39.5,5.4,0.00,137.20,215.60,333.20,333.20,333.20,470.30,14.87
27-5-2022 07:00,0.0,0.317,7.94,54.4,39.4,5.4,0.00,137.20,215.60,333.20,333.20,333.20,470.30,15.66
27-5-2022 08:00,0.0,0.317,7.94,54.5,39.2,5.4,0.00,137.20,215.60,333.20,333.20,333.20,470.30,15.42
27-5-2022 09:00,0.0,0.317,7.95,54.7,39.1,5.4,0.00,137.20,215.60,333.20,333.20,333.20,470.30,14.95
27-5-2022 10:00,0.0,0.317,7.95,54.9,39.0,5.4,0.00,91.50,189.50,294.00,333.20,333.20,424.60,14.54
27-5-2022 11:00,0.0,0.316,7.95,55.0,38.8,5.3,0.00,91.50,189.50,294.00,333.20,333.20,424.60,14.09
27-5-2022 12:00,0.0,0.316,7.95,55.2,38.7,5.3,0.00,91.50,189.50,294.00,333.20,333.20,424.60,13.99
27-5-2022 13:00,0.0,0.316,7.95,55.3,38.5,5.3,0.00,91.50,189.50,294.00,333.20,333.20,424.60,13.64
27-5-2022 14:00,0.0,0.316,7.95,55.5,38.4,5.3,0.00,91.50,189.50,294.00,333.20,333.20,424.60,13.13
27-5-2022 15:00,0.0,0.315,7.95,55.6,38.2,5.3,0.00,91.50,189.50,294.00,333.20,333.20,424.60,12.83
27-5-2022 16:00,0.0,0.315,7.95,55.8,38.1,5.3,0.00,0.00,137.20,215.60,333.20,333.20,333.20,12.53
27-5-2022 17:00,0.0,0.315,7.96,55.9,37.9,5.3,0.00,0.00,137.20,215.60,333.20,333.20,333.20,12.57
27-5-2022 18:00,0.0,0.315,7.96,56.1,37.8,5.3,0.00,0.00,137.20,215.60,333.20,333.20,333.20,12.86
27-5-2022 19:00,0.0,0.314,7.96,56.2,37.6,5.3,0.00,0.00,137.20,215.60,333.20,333.20,333.20,13.13
27-5-2022 20:00,0.0,0.314,7.96,56.4,37.5,5.3,0.00,0.00,137.20,215.60,333.20,333.20,333.20,13.26
27-5-2022 21:00,0.0,0.314,7.96,56.6,37.3,5.3,0.00,0.00,137.20,215.60,333.20,333.20,333.20,13.28
27-5-2022 22:00,0.0,0.314,7.96,56.7,37.2,5.2,0.00,0.00,137.20,215.60,333.20,333.20,333.20,13.16
27-5-2022 23:00,0.0,0.314,7.96,56.9,37.1,5.2,0.00,0.00,137.20,215.60,333.20,333.20,333.20,12.89
28-5-2022 00:00,0.0,0.313,7.96,57.0,36.9,5.2,0.00,0.00,137.20,215.60,333.20,333.20,333.20,12.70
28-5-2022 01:00,0.0,0.313,7.96,57.2,36.8,5.2,0.00,0.00,137.20,215.60,333.20,333.20,333.20,12.41
28-5-2022 02:00,0.0,0.313,7.97,57.3,36.6,5.2,0.00,0.00,137.20,215.60,333.20,333.20,333.20,12.06
28-5-2022 03:00,0.0,0.313,7.97,57.5,36.5,5.2,0.00,0.00,137.20,215.60,333.20,333.20,333.20,11.77
28-5-2022 04:00,0.0,0.312,7.97,57.6,36.3,5.2,0.00,0.00,137.20,215.60,333.20,333.20,333.20,11.43
28-5-2022 05:00,0.0,0.312,7.97,57.8,36.2,5.2,0.00,0.00,137.20,215.60,333.20,333.20,333.20,10.93
28-5-2022 06:00,0.0,0.312,7.97,57.9,36.0,5.2,0.00,0.00,137.20,215.60,333.20,333.20,333.20,10.57
28-5-2022 07:00,0.0,0.312,7.97,58.1,35.9,5.2,0.00,0.00,137.20,215.60,333.20,333.20,333.20,10.42
28-5-2022 08:00,0.0,0.311,7.97,58.2,35.7,5.1,0.00,0.00,137.20,215.60,333.20,333.20,333.20,10.44
28-5-2022 09:00,0.0,0.311,7.97,58.4,35.6,5.1,0.00,0.00,137.20,215.60,333.20,333.20,333.20,10.24
28-5-2022 10:00,0.0,0.311,7.98,58.6,35.5,5.1,0.00,0.00,91.50,189.50,294.00,333.20,333.20,9.76
28-5-2022 11:00,0.0,0.311,7.98,58.7,35.3,5.1,0.00,0.00,91.50,189.50,294.00,333.20,333.20,9.77
28-5-2022 12:00,0.0,0.311,7.98,58.9,35.2,5.1,0.00,0.00,91.50,189.50,294.00,333.20,333.20,9.72
28-5-2022 13:00,0.0,0.310,7.98,59.0,35.0,5.1,0.00,0.00,91.50,189.50,294.00,333.20,333.20,9.72
28-5-2022 14:00,0.0,0.310,7.98,59.2,34.9,5.1,0.00,0.00,91.50,189.50,294.00,333.20,333.20,9.43
28-5-2022 15:00,0.0,0.310,7.98,59.3,34.7,5.1,0.00,0.00,91.50,189.50,294.00,333.20,333.20,8.97
28-5-2022 16:00,0.0,0.310,7.98,59.5,34.6,5.1,0.00,0.00,0.00,137.20,215.60,333.20,333.20,8.41
28-5-2022 17:00,0.0,0.309,7.98,59.6,34.4,5.1,0.00,0.00,0.00,137.20,215.60,333.20,333.20,8.13
28-5-2022 18:00,0.0,0.309,7.98,59.8,34.3,5.1,0.00,0.00,0.00,137.20,215.60,333.20,333.20,8.42
28-5-2022 19:00,0.0,0.309,7.99,59.9,34.1,5.0,0.00,0.00,0.00,137.20,215.60,333.20,333.20,8.30
28-5-2022 20:00,0.0,0.309,7.99,60.1,34.0,5.0,0.00,0.00,0.00,137.20,215.60,333.20,333.20,8.22
28-5-2022 21:00,0.0,0.308,7.99,60.3,33.8,5.0,0.00,0.00,0.00,137.20,215.60,333.20,333.20,8.07
28-5-2022 22:00,0.0,0.308,7.99,60.4,33.7,5.0,0.00,0.00,0.00,137.20,215.60,333.20,333.20,8.03
28-5-2022 23:00,0.0,0.308,7.99,60.6,33.6,5.0,0.00,0.00,0.00,137.20,215.60,333.20,333.20,7.89
29-5-2022 00:00,0.0,0.308,7.99,60.7,33.4,5.0,0.00,0.00,0.00,137.20,215.60,333.20,333.20,7.65
29-5-2022 01:00,0.0,0.307,7.99,60.9,33.3,5.0,0.00,0.00,0.00,137.20,215.60,333.20,333.20,7.52
29-5-2022 02:00,0.0,0.307,7.99,61.0,33.1,5.0,0.00,0.00,0.00,137.20,215.60,333.20,333.20,7.07
29-5-2022 03:00,0.0,0.307,7.99,61.2,33.0,5.0,0.00,0.00,0.00,137.20,215.60,333.20,333.20,6.95
29-5-2022 04:00,0.0,0.307,8.00,61.3,32.8,5.0,0.00,0.00,0.00,137.20,215.60,333.20,333.20,6.51
29-5-2022 05:00,0.0,0.307,8.00,61.5,32.7,5.0,0.00,0.00,0.00,137.20,215.60,333.20,333.20,5.73
29-5-2022 06:00,0.0,0.306,8.00,61.6,32.5,4.9,0.00,0.00,0.00,137.20,215.60,333.20,333.20,4.84
29-5-2022 07:00,0.0,0.306,8.00,61.8,32.4,4.9,0.00,0.00,0.00,137.20,215.60,333.20,333.20,4.63
29-5-2022 08:00,0.0,0.306,8.00,61.9,32.2,4.9,0.00,0.00,0.00,137.20,215.60,333.20,333.20,4.63
29-5-2022 09:00,0.0,0.306,8.00,62.1,32.1,4.9,0.00,0.00,0.00,137.20,215.60,333.20,333.20,4.63
29-5-2022 10:00,0.0,0.305,8.00,62.3,32.0,4.9,0.00,0.00,0.00,91.50,189.50,294.00,333.20,4.63
29-5-2022 11:00,0.0,0.305,8.00,62.4,31.8,4.9,0.00,0.00,0.00,91.50,189.50,294.00,333.20,4.63
29-5-2022 12:00,0.0,0.305,8.01,62.6,31.7,4.9,0.00,0.00,0.00,91.50,189.50,294.00,333.20,4.63
29-5-2022 13:00,0.0,0.305,8.01,62.7,31.5,4.9,0.00,0.00,0.00,91.50,189.50,294.00,333.20,4.63
29-5-2022 14:00,0.0,0.304,8.01,62.9,31.4,4.9,0.00,0.00,0.00,91.50,189.50,294.00,333.20,4.63
29-5-2022 15:00,0.0,0.304,8.01,63.0,31.2,4.9,0.00,0.00,0.00,91.50,189.50,294.00,333.20,4.63
29-5-2022 16:00,0.0,0.304,8.01,63.2,31.1,4.9,0.00,0.00,0.00,0.00,137.20,215.60,333.20,4.63
29-5-2022 17:00,0.0,0.304,8.01,63.3,30.9,4.8,0.00,0.00,0.00,0.00,137.20,215.60,333.20,4.63
29-5-2022 18:00,0.0,0.304,8.01,63.5,30.8,4.8,0.00,0.00,0.00,0.00,137.20,215.60,333.20,4.63
29-5-2022 19:00,0.0,0.303,8.01,63.6,30.6,4.8,0.00,0.00,0.00,0.00,137.20,215.60,333.20,4.63
29-5-2022 20:00,0.0,0.303,8.01,63.8,30.5,4.8,0.00,0.00,0.00,0.00,137.20,215.60,333.20,4.63
29-5-2022 21:00,0.0,0.303,8.02,64.0,30.3,4.8,0.00,0.00,0.00,0.00,137.20,215.60,333.20,4.63
29-5-2022 22:00,0.0,0.303,8.02,64.1,30.2,4.8,0.00,0.00,0.00,0.00,137.20,215.60,333.20,4.63
29-5-2022 23:00,0.0,0.302,8.02,64.3,30.1,4.8,0.00,0.00,0.00,0.00,137.20,215.60,333.20,4.63
30-5-2022 00:00,0.0,0.302,8.02,64.4,29.9,4.8,0.00,0.00,0.00,0.00,137.20,215.60,333.20,4.63
30-5-2022 01:00,0.0,0.302,8.02,64.6,29.8,4.8,0.00,0.00,0.00,0.00,137.20,215.60,333.20,4.63
30-5-2022 02:00,0.0,0.302,8.02,64.7,29.6,4.8,0.00,0.00,0.00,0.00,137.20,215.60,333.20,4.63
30-5-2022 03:00,0.0,0.301,8.02,64.9,29.5,4.8,0.00,0.00,0.00,0.00,137.20,215.60,333.20,4.63
30-5-2022 04:00,0.0,0.301,8.02,65.0,29.3,4.7,0.00,0.00,0.00,0.00,137.20,215.60,333.20,4.63
30-5-2022 05:00,0.0,0.301,8.03,65.2,29.2,4.7,0.00,0.00,0.00,0.00,137.20,215.60,333.20,4.63
30-5-2022 06:00,0.0,0.301,8.03,65.3,29.0,4.7,0.00,0.00,0.00,0.00,137.20,215.60,333.20,4.63
30-5-2022 07:00,0.0,0.300,8.03,65.5,28.9,4.7,0.00,0.00,0.00,0.00,137.20,215.60,333.20,4.63
30-5-2022 08:00,0.0,0.300,8.03,65.6,28.7,4.7,0.00,0.00,0.00,0.00,137.20,215.60,333.20,4.63
30-5-2022 09:00,0.0,0.300,8.03,65.8,28.6,4.7,0.00,0.00,0.00,0.00,137.20,215.60,333.20,4.63
