Date time,Voeding (g),FOS/TAC,som 0-24,som 24-48,som 48-72,som 72-96,som 96-120,som 120-144,som 144-168,Gemiddelde gasproductie (L/dag)
20-4-2022 10:00,19.6,0.329,58.8,0.0,0.0,0.0,0.0,48.9,0.0,6.50
20-4-2022 11:00,0.0,0.330,45.7,13.1,0.0,0.0,0.0,32.6,16.3,6.70
20-4-2022 12:00,0.0,0.330,45.7,13.1,0.0,0.0,0.0,32.6,16.3,6.90
20-4-2022 13:00,0.0,0.331,45.7,13.1,0.0,0.0,0.0,32.6,16.3,7.10
20-4-2022 14:00,0.0,0.331,45.7,13.1,0.0,0.0,0.0,32.6,16.3,7.30
20-4-2022 15:00,39.2,0.332,84.9,13.1,0.0,0.0,0.0,32.6,16.3,7.70
20-4-2022 16:00,0.0,0.332,58.8,39.2,0.0,0.0,0.0,0.0,48.9,8.28
20-4-2022 17:00,0.0,0.333,58.8,39.2,0.0,0.0,0.0,0.0,48.9,8.94
20-4-2022 18:00,0.0,0.334,58.8,39.2,0.0,0.0,0.0,0.0,48.9,10.20
20-4-2022 19:00,0.0,0.334,58.8,39.2,0.0,0.0,0.0,0.0,48.9,11.34
20-4-2022 20:00,0.0,0.335,58.8,39.2,0.0,0.0,0.0,0.0,48.9,12.48
20-4-2022 21:00,0.0,0.335,58.8,39.2,0.0,0.0,0.0,0.0,48.9,13.68
20-4-2022 22:00,0.0,0.336,58.8,39.2,0.0,0.0,0.0,0.0,48.9,14.52
20-4-2022 23:00,0.0,0.336,58.8,39.2,0.0,0.0,0.0,0.0,48.9,14.28
21-4-2022 00:00,0.0,0.337,58.8,39.2,0.0,0.0,0.0,0.0,48.9,13.14
21-4-2022 01:00,0.0,0.337,58.8,39.2,0.0,0.0,0.0,0.0,48.9,11.64
21-4-2022 02:00,0.0,0.338,58.8,39.2,0.0,0.0,0.0,0.0,48.9,10.74
21-4-2022 03:00,0.0,0.339,58.8,39.2,0.0,0.0,0.0,0.0,48.9,9.84
21-4-2022 04:00,0.0,0.339,58.8,39.2,0.0,0.0,0.0,0.0,48.9,9.60
21-4-2022 05:00,0.0,0.340,58.8,39.2,0.0,0.0,0.0,0.0,48.9,9.36
21-4-2022 06:00,0.0,0.340,58.8,39.2,0.0,0.0,0.0,0.0,48.9,8.58
21-4-2022 07:00,0.0,0.341,58.8,39.2,0.0,0.0,0.0,0.0,48.9,8.76
21-4-2022 08:00,0.0,0.341,58.8,39.2,0.0,0.0,0.0,0.0,48.9,8.52
21-4-2022 09:00,0.0,0.342,58.8,39.2,0.0,0.0,0.0,0.0,48.9,8.70
21-4-2022 10:00,24.5,0.342,63.7,58.8,0.0,0.0,0.0,0.0,48.9,8.70
21-4-2022 11:00,0.0,0.342,63.7,45.7,13.1,0.0,0.0,0.0,32.6,8.94
21-4-2022 12:00,0.0,0.341,63.7,45.7,13.1,0.0,0.0,0.0,32.6,9.90
21-4-2022 13:00,0.0,0.341,63.7,45.7,13.1,0.0,0.0,0.0,32.6,10.02
21-4-2022 14:00,0.0,0.341,63.7,45.7,13.1,0.0,0.0,0.0,32.6,10.20
21-4-2022 15:00,49.0,0.341,73.5,84.9,13.1,0.0,0.0,0.0,32.6,11.88
21-4-2022 16:00,0.0,0.340,73.5,58.8,39.2,0.0,0.0,0.0,0.0,12.12
21-4-2022 17:00,0.0,0.340,73.5,58.8,39.2,0.0,0.0,0.0,0.0,13.14
21-4-2022 18:00,0.0,0.340,73.5,58.8,39.2,0.0,0.0,0.0,0.0,14.34
21-4-2022 19:00,0.0,0.340,73.5,58.8,39.2,0.0,0.0,0.0,0.0,15.30
21-4-2022 20:00,0.0,0.339,73.5,58.8,39.2,0.0,0.0,0.0,0.0,16.44
21-4-2022 21:00,0.0,0.339,73.5,58.8,39.2,0.0,0.0,0.0,0.0,17.70
21-4-2022 22:00,0.0,0.339,73.5,58.8,39.2,0.0,0.0,0.0,0.0,18.00
21-4-2022 23:00,0.0,0.339,73.5,58.8,39.2,0.0,0.0,0.0,0.0,17.88
22-4-2022 00:00,0.0,0.338,73.5,58.8,39.2,0.0,0.0,0.0,0.0,17.10
22-4-2022 01:00,0.0,0.338,73.5,58.8,39.2,0.0,0.0,0.0,0.0,15.00
22-4-2022 02:00,0.0,0.338,73.5,58.8,39.2,0.0,0.0,0.0,0.0,13.86
22-4-2022 03:00,0.0,0.338,73.5,58.8,39.2,0.0,0.0,0.0,0.0,12.84
22-4-2022 04:00,0.0,0.337,73.5,58.8,39.2,0.0,0.0,0.0,0.0,12.06
22-4-2022 05:00,0.0,0.337,73.5,58.8,39.2,0.0,0.0,0.0,0.0,11.52
22-4-2022 06:00,0.0,0.337,73.5,58.8,39.2,0.0,0.0,0.0,0.0,10.92
22-4-2022 07:00,0.0,0.337,73.5,58.8,39.2,0.0,0.0,0.0,0.0,10.68
22-4-2022 08:00,0.0,0.336,73.5,58.8,39.2,0.0,0.0,0.0,0.0,10.38
22-4-2022 09:00,0.0,0.336,73.5,58.8,39.2,0.0,0.0,0.0,0.0,10.40
22-4-2022 10:00,34.3,0.335,83.3,63.7,58.8,0.0,0.0,0.0,0.0,10.40
22-4-2022 11:00,0.0,0.335,83.3,63.7,45.7,13.1,0.0,0.0,0.0,10.40
22-4-2022 12:00,0.0,0.334,83.3,63.7,45.7,13.1,0.0,0.0,0.0,11.88
22-4-2022 13:00,0.0,0.334,83.3,63.7,45.7,13.1,0.0,0.0,0.0,12.36
22-4-2022 14:00,0.0,0.333,83.3,63.7,45.7,13.1,0.0,0.0,0.0,12.42
22-4-2022 15:00,68.6,0.333,102.9,73.5,84.9,13.1,0.0,0.0,0.0,15.24
22-4-2022 16:00,0.0,0.332,102.9,73.5,58.8,39.2,0.0,0.0,0.0,15.54
22-4-2022 17:00,0.0,0.332,102.9,73.5,58.8,39.2,0.0,0.0,0.0,17.64
22-4-2022 18:00,0.0,0.331,102.9,73.5,58.8,39.2,0.0,0.0,0.0,18.96
22-4-2022 19:00,0.0,0.331,102.9,73.5,58.8,39.2,0.0,0.0,0.0,21.00
22-4-2022 20:00,0.0,0.330,102.9,73.5,58.8,39.2,0.0,0.0,0.0,22.92
22-4-2022 21:00,0.0,0.330,102.9,73.5,58.8,39.2,0.0,0.0,0.0,24.36
26-4-2022 16:00,0.0,0.320,102.9,88.2,0.0,0.0,102.9,73.5,58.8,23.70
26-4-2022 17:00,0.0,0.319,102.9,88.2,0.0,0.0,102.9,73.5,58.8,26.04
26-4-2022 18:00,0.0,0.319,102.9,88.2,0.0,0.0,102.9,73.5,58.8,31.14
26-4-2022 19:00,0.0,0.319,102.9,88.2,0.0,0.0,102.9,73.5,58.8,35.58
26-4-2022 20:00,0.0,0.318,102.9,88.2,0.0,0.0,102.9,73.5,58.8,38.82
26-4-2022 21:00,0.0,0.318,102.9,88.2,0.0,0.0,102.9,73.5,58.8,38.34
26-4-2022 22:00,0.0,0.317,102.9,88.2,0.0,0.0,102.9,73.5,58.8,34.98
26-4-2022 23:00,0.0,0.317,102.9,88.2,0.0,0.0,102.9,73.5,58.8,29.70
27-4-2022 00:00,0.0,0.317,102.9,88.2,0.0,0.0,102.9,73.5,58.8,25.86
27-4-2022 01:00,0.0,0.316,102.9,88.2,0.0,0.0,102.9,73.5,58.8,23.28
27-4-2022 02:00,0.0,0.316,102.9,88.2,0.0,0.0,102.9,73.5,58.8,21.24
27-4-2022 03:00,0.0,0.316,102.9,88.2,0.0,0.0,102.9,73.5,58.8,20.34
27-4-2022 04:00,0.0,0.315,102.9,88.2,0.0,0.0,102.9,73.5,58.8,18.78
27-4-2022 05:00,0.0,0.315,102.9,88.2,0.0,0.0,102.9,73.5,58.8,18.36
27-4-2022 06:00,0.0,0.315,102.9,88.2,0.0,0.0,102.9,73.5,58.8,17.46
27-4-2022 07:00,0.0,0.314,102.9,88.2,0.0,0.0,102.9,73.5,58.8,17.22
27-4-2022 08:00,0.0,0.314,102.9,88.2,0.0,0.0,102.9,73.5,58.8,16.20
27-4-2022 09:00,0.0,0.314,68.6,122.5,0.0,0.0,102.9,73.5,58.8,16.02
27-4-2022 10:00,0.0,0.313,68.6,122.5,0.0,0.0,68.6,83.3,63.7,15.84
27-4-2022 11:00,0.0,0.313,68.6,93.1,29.4,0.0,68.6,83.3,63.7,15.06
27-4-2022 12:00,0.0,0.313,68.6,93.1,29.4,0.0,68.6,83.3,63.7,15.12
27-4-2022 13:00,0.0,0.312,68.6,93.1,29.4,0.0,68.6,83.3,63.7,14.82
27-4-2022 14:00,0.0,0.312,68.6,93.1,29.4,0.0,68.6,83.3,63.7,14.58
27-4-2022 15:00,0.0,0.312,0.0,102.9,88.2,0.0,0.0,102.9,73.5,13.98
27-4-2022 16:00,0.0,0.311,0.0,102.9,88.2,0.0,0.0,102.9,73.5,14.04
27-4-2022 17:00,0.0,0.311,0.0,102.9,88.2,0.0,0.0,102.9,73.5,13.92
27-4-2022 18:00,0.0,0.311,0.0,102.9,88.2,0.0,0.0,102.9,73.5,13.56
27-4-2022 19:00,0.0,0.310,0.0,102.9,88.2,0.0,0.0,102.9,73.5,13.02
27-4-2022 20:00,0.0,0.310,0.0,102.9,88.2,0.0,0.0,102.9,73.5,13.44
27-4-2022 21:00,0.0,0.310,0.0,102.9,88.2,0.0,0.0,102.9,73.5,13.14
27-4-2022 22:00,0.0,0.309,0.0,102.9,88.2,0.0,0.0,102.9,73.5,12.90
27-4-2022 23:00,0.0,0.309,0.0,102.9,88.2,0.0,0.0,102.9,73.5,12.30
28-4-2022 00:00,0.0,0.308,0.0,102.9,88.2,0.0,0.0,102.9,73.5,12.36
28-4-2022 01:00,0.0,0.308,0.0,102.9,88.2,0.0,0.0,102.9,73.5,12.24
28-4-2022 02:00,0.0,0.308,0.0,102.9,88.2,0.0,0.0,102.9,73.5,11.88
28-4-2022 03:00,0.0,0.307,0.0,102.9,88.2,0.0,0.0,102.9,73.5,11.34
28-4-2022 04:00,0.0,0.307,0.0,102.9,88.2,0.0,0.0,102.9,73.5,11.76
28-4-2022 05:00,0.0,0.307,0.0,102.9,88.2,0.0,0.0,102.9,73.5,11.46
28-4-2022 06:00,0.0,0.306,0.0,102.9,88.2,0.0,0.0,102.9,73.5,11.22
28-4-2022 07:00,0.0,0.306,0.0,102.9,88.2,0.0,0.0,102.9,73.5,10.62
28-4-2022 08:00,0.0,0.306,0.0,102.9,88.2,0.0,0.0,102.9,73.5,10.68
28-4-2022 09:00,0.0,0.305,0.0,68.6,122.5,0.0,0.0,102.9,73.5,10.56
28-4-2022 10:00,0.0,0.305,0.0,68.6,122.5,0.0,0.0,68.6,83.3,10.20
28-4-2022 11:00,32.7,0.304,32.7,68.6,93.1,29.4,0.0,68.6,83.3,10.98
28-4-2022 12:00,0.0,0.304,32.7,68.6,93.1,29.4,0.0,68.6,83.3,10.20
28-4-2022 13:00,0.0,0.303,32.7,68.6,93.1,29.4,0.0,68.6,83.3,9.24
28-4-2022 14:00,0.0,0.302,32.7,68.6,93.1,29.4,0.0,68.6,83.3,9.72
28-4-2022 15:00,0.0,0.302,32.7,0.0,102.9,88.2,0.0,0.0,102.9,10.50
28-4-2022 16:00,65.3,0.301,98.0,0.0,102.9,88.2,0.0,0.0,102.9,11.16
28-4-2022 17:00,0.0,0.300,98.0,0.0,102.9,88.2,0.0,0.0,102.9,11.46
28-4-2022 18:00,0.0,0.299,98.0,0.0,102.9,88.2,0.0,0.0,102.9,10.80
28-4-2022 19:00,0.0,0.299,98.0,0.0,102.9,88.2,0.0,0.0,102.9,10.30
28-4-2022 20:00,0.0,0.298,98.0,0.0,102.9,88.2,0.0,0.0,102.9,10.10
28-4-2022 21:00,0.0,0.297,98.0,0.0,102.9,88.2,0.0,0.0,102.9,9.85
28-4-2022 22:00,0.0,0.297,98.0,0.0,102.9,88.2,0.0,0.0,102.9,9.66
28-4-2022 23:00,0.0,0.296,98.0,0.0,102.9,88.2,0.0,0.0,102.9,9.48
29-4-2022 00:00,0.0,0.295,98.0,0.0,102.9,88.2,0.0,0.0,102.9,9.60
29-4-2022 01:00,0.0,0.295,98.0,0.0,102.9,88.2,0.0,0.0,102.9,9.78
29-4-2022 02:00,0.0,0.294,98.0,0.0,102.9,88.2,0.0,0.0,102.9,10.50
29-4-2022 03:00,0.0,0.293,98.0,0.0,102.9,88.2,0.0,0.0,102.9,12.00
29-4-2022 04:00,0.0,0.292,98.0,0.0,102.9,88.2,0.0,0.0,102.9,13.02
29-4-2022 05:00,0.0,0.292,98.0,0.0,102.9,88.2,0.0,0.0,102.9,13.08
29-4-2022 06:00,0.0,0.291,98.0,0.0,102.9,88.2,0.0,0.0,102.9,13.14
29-4-2022 07:00,0.0,0.290,98.0,0.0,102.9,88.2,0.0,0.0,102.9,13.00
29-4-2022 08:00,0.0,0.290,98.0,0.0,102.9,88.2,0.0,0.0,102.9,13.00
29-4-2022 09:00,0.0,0.289,98.0,0.0,68.6,122.5,0.0,0.0,102.9,13.00
29-4-2022 10:00,45.7,0.289,143.7,0.0,68.6,122.5,0.0,0.0,68.6,13.00
29-4-2022 11:00,0.0,0.289,111.0,32.7,68.6,93.1,29.4,0.0,68.6,13.00
29-4-2022 12:00,0.0,0.288,111.0,32.7,68.6,93.1,29.4,0.0,68.6,13.14
29-4-2022 13:00,0.0,0.288,111.0,32.7,68.6,93.1,29.4,0.0,68.6,15.00
29-4-2022 14:00,0.0,0.288,111.0,32.7,68.6,93.1,29.4,0.0,68.6,16.44
29-4-2022 15:00,0.0,0.288,111.0,32.7,0.0,102.9,88.2,0.0,0.0,17.28
29-4-2022 16:00,91.3,0.288,137.0,98.0,0.0,102.9,88.2,0.0,0.0,25.20
29-4-2022 17:00,0.0,0.288,137.0,98.0,0.0,102.9,88.2,0.0,0.0,27.36
29-4-2022 18:00,0.0,0.287,137.0,98.0,0.0,102.9,88.2,0.0,0.0,32.34
29-4-2022 19:00,0.0,0.287,137.0,98.0,0.0,102.9,88.2,0.0,0.0,37.44
29-4-2022 20:00,0.0,0.287,137.0,98.0,0.0,102.9,88.2,0.0,0.0,43.20
29-4-2022 21:00,0.0,0.287,137.0,98.0,0.0,102.9,88.2,0.0,0.0,43.02
29-4-2022 22:00,0.0,0.287,137.0,98.0,0.0,102.9,88.2,0.0,0.0,42.00
29-4-2022 23:00,0.0,0.287,137.0,98.0,0.0,102.9,88.2,0.0,0.0,39.96
30-4-2022 00:00,0.0,0.286,137.0,98.0,0.0,102.9,88.2,0.0,0.0,33.90
30-4-2022 01:00,0.0,0.286,137.0,98.0,0.0,102.9,88.2,0.0,0.0,32.00
30-4-2022 02:00,0.0,0.286,137.0,98.0,0.0,102.9,88.2,0.0,0.0,30.00
30-4-2022 03:00,0.0,0.286,137.0,98.0,0.0,102.9,88.2,0.0,0.0,28.30
30-4-2022 04:00,0.0,0.286,137.0,98.0,0.0,102.9,88.2,0.0,0.0,26.34
30-4-2022 05:00,0.0,0.286,137.0,98.0,0.0,102.9,88.2,0.0,0.0,23.82
30-4-2022 06:00,0.0,0.285,137.0,98.0,0.0,102.9,88.2,0.0,0.0,22.08
30-4-2022 07:00,0.0,0.285,137.0,98.0,0.0,102.9,88.2,0.0,0.0,20.76
30-4-2022 08:00,0.0,0.285,137.0,98.0,0.0,102.9,88.2,0.0,0.0,20.04
30-4-2022 09:00,0.0,0.285,137.0,98.0,0.0,68.6,122.5,0.0,0.0,20.00
30-4-2022 10:00,0.0,0.285,91.3,143.7,0.0,68.6,122.5,0.0,0.0,19.92
30-4-2022 11:00,0.0,0.285,91.3,111.0,32.7,68.6,93.1,29.4,0.0,20.10
30-4-2022 12:00,0.0,0.284,91.3,111.0,32.7,68.6,93.1,29.4,0.0,19.50
30-4-2022 13:00,0.0,0.284,91.3,111.0,32.7,68.6,93.1,29.4,0.0,18.90
30-4-2022 14:00,0.0,0.284,91.3,111.0,32.7,68.6,93.1,29.4,0.0,18.10
30-4-2022 15:00,0.0,0.284,91.3,111.0,32.7,0.0,102.9,88.2,0.0,17.60
30-4-2022 16:00,0.0,0.284,0.0,137.0,98.0,0.0,102.9,88.2,0.0,17.00
30-4-2022 17:00,0.0,0.284,0.0,137.0,98.0,0.0,102.9,88.2,0.0,16.70
30-4-2022 18:00,0.0,0.283,0.0,137.0,98.0,0.0,102.9,88.2,0.0,16.00
30-4-2022 19:00,0.0,0.283,0.0,137.0,98.0,0.0,102.9,88.2,0.0,15.00
30-4-2022 20:00,0.0,0.283,0.0,137.0,98.0,0.0,102.9,88.2,0.0,14.22
30-4-2022 21:00,0.0,0.283,0.0,137.0,98.0,0.0,102.9,88.2,0.0,13.80
30-4-2022 22:00,0.0,0.283,0.0,137.0,98.0,0.0,102.9,88.2,0.0,13.70
30-4-2022 23:00,0.0,0.283,0.0,137.0,98.0,0.0,102.9,88.2,0.0,13.60
1-5-2022 00:00,0.0,0.282,0.0,137.0,98.0,0.0,102.9,88.2,0.0,13.50
1-5-2022 01:00,0.0,0.282,0.0,137.0,98.0,0.0,102.9,88.2,0.0,13.20
1-5-2022 02:00,0.0,0.282,0.0,137.0,98.0,0.0,102.9,88.2,0.0,13.44
1-5-2022 03:00,0.0,0.282,0.0,137.0,98.0,0.0,102.9,88.2,0.0,13.50
1-5-2022 04:00,0.0,0.282,0.0,137.0,98.0,0.0,102.9,88.2,0.0,12.96
1-5-2022 05:00,0.0,0.282,0.0,137.0,98.0,0.0,102.9,88.2,0.0,12.66
1-5-2022 06:00,0.0,0.281,0.0,137.0,98.0,0.0,102.9,88.2,0.0,12.18
1-5-2022 07:00,0.0,0.281,0.0,137.0,98.0,0.0,102.9,88.2,0.0,11.34
1-5-2022 08:00,0.0,0.281,0.0,137.0,98.0,0.0,102.9,88.2,0.0,11.46
1-5-2022 09:00,0.0,0.281,0.0,137.0,98.0,0.0,68.6,122.5,0.0,10.98
1-5-2022 10:00,0.0,0.281,0.0,91.3,143.7,0.0,68.6,122.5,0.0,10.14
1-5-2022 11:00,0.0,0.280,0.0,91.3,111.0,32.7,68.6,93.1,29.4,10.02
1-5-2022 12:00,0.0,0.280,0.0,91.3,111.0,32.7,68.6,93.1,29.4,10.20
1-5-2022 13:00,0.0,0.280,0.0,91.3,111.0,32.7,68.6,93.1,29.4,10.08
1-5-2022 14:00,0.0,0.280,0.0,91.3,111.0,32.7,68.6,93.1,29.4,9.80
1-5-2022 15:00,0.0,0.280,0.0,91.3,111.0,32.7,0.0,102.9,88.2,9.54
1-5-2022 16:00,0.0,0.280,0.0,0.0,137.0,98.0,0.0,102.9,88.2,9.20
1-5-2022 17:00,0.0,0.279,0.0,0.0,137.0,98.0,0.0,102.9,88.2,9.00
1-5-2022 18:00,0.0,0.279,0.0,0.0,137.0,98.0,0.0,102.9,88.2,7.56
1-5-2022 19:00,0.0,0.279,0.0,0.0,137.0,98.0,0.0,102.9,88.2,7.08
1-5-2022 20:00,0.0,0.279,0.0,0.0,137.0,98.0,0.0,102.9,88.2,6.50
1-5-2022 21:00,0.0,0.279,0.0,0.0,137.0,98.0,0.0,102.9,88.2,6.50
1-5-2022 22:00,0.0,0.279,0.0,0.0,137.0,98.0,0.0,102.9,88.2,6.50
1-5-2022 23:00,0.0,0.278,0.0,0.0,137.0,98.0,0.0,102.9,88.2,6.50
2-5-2022 00:00,0.0,0.278,0.0,0.0,137.0,98.0,0.0,102.9,88.2,6.50
2-5-2022 01:00,0.0,0.278,0.0,0.0,137.0,98.0,0.0,102.9,88.2,6.50
2-5-2022 02:00,0.0,0.278,0.0,0.0,137.0,98.0,0.0,102.9,88.2,6.50
2-5-2022 03:00,0.0,0.278,0.0,0.0,137.0,98.0,0.0,102.9,88.2,6.50
2-5-2022 04:00,0.0,0.278,0.0,0.0,137.0,98.0,0.0,102.9,88.2,6.24
2-5-2022 05:00,0.0,0.277,0.0,0.0,137.0,98.0,0.0,102.9,88.2,5.22
2-5-2022 06:00,0.0,0.277,0.0,0.0,137.0,98.0,0.0,102.9,88.2,5.00
2-5-2022 07:00,0.0,0.277,0.0,0.0,137.0,98.0,0.0,102.9,88.2,5.00
2-5-2022 08:00,0.0,0.277,0.0,0.0,137.0,98.0,0.0,102.9,88.2,5.00
2-5-2022 09:00,0.0,0.277,0.0,0.0,137.0,98.0,0.0,68.6,122.5,5.00
2-5-2022 10:00,0.0,0.277,0.0,0.0,91.3,143.7,0.0,68.6,122.5,5.00
2-5-2022 11:00,0.0,0.276,0.0,0.0,91.3,111.0,32.7,68.6,93.1,5.00
2-5-2022 12:00,0.0,0.276,0.0,0.0,91.3,111.0,32.7,68.6,93.1,5.00
2-5-2022 13:00,0.0,0.276,0.0,0.0,91.3,111.0,32.7,68.6,93.1,5.00
2-5-2022 14:00,0.0,0.276,0.0,0.0,91.3,111.0,32.7,68.6,93.1,5.00
2-5-2022 15:00,0.0,0.276,0.0,0.0,91.3,111.0,32.7,0.0,102.9,5.00
2-5-2022 16:00,0.0,0.276,0.0,0.0,0.0,137.0,98.0,0.0,102.9,5.00
2-5-2022 17:00,0.0,0.275,0.0,0.0,0.0,137.0,98.0,0.0,102.9,5.00
2-5-2022 18:00,0.0,0.275,0.0,0.0,0.0,137.0,98.0,0.0,102.9,5.00
2-5-2022 19:00,0.0,0.275,0.0,0.0,0.0,137.0,98.0,0.0,102.9,5.00
2-5-2022 20:00,0.0,0.275,0.0,0.0,0.0,137.0,98.0,0.0,102.9,5.00
2-5-2022 21:00,0.0,0.275,0.0,0.0,0.0,137.0,98.0,0.0,102.9,5.00
2-5-2022 22:00,0.0,0.275,0.0,0.0,0.0,137.0,98.0,0.0,102.9,5.00
2-5-2022 23:00,0.0,0.274,0.0,0.0,0.0,137.0,98.0,0.0,102.9,5.00
3-5-2022 00:00,0.0,0.274,0.0,0.0,0.0,137.0,98.0,0.0,102.9,5.00
3-5-2022 01:00,0.0,0.274,0.0,0.0,0.0,137.0,98.0,0.0,102.9,5.00
3-5-2022 02:00,0.0,0.274,0.0,0.0,0.0,137.0,98.0,0.0,102.9,5.00
3-5-2022 03:00,0.0,0.274,0.0,0.0,0.0,137.0,98.0,0.0,102.9,5.00
3-5-2022 04:00,0.0,0.274,0.0,0.0,0.0,137.0,98.0,0.0,102.9,5.00
3-5-2022 05:00,0.0,0.273,0.0,0.0,0.0,137.0,98.0,0.0,102.9,5.00
3-5-2022 06:00,0.0,0.273,0.0,0.0,0.0,137.0,98.0,0.0,102.9,5.00
3-5-2022 07:00,0.0,0.273,0.0,0.0,0.0,137.0,98.0,0.0,102.9,5.00
3-5-2022 08:00,0.0,0.273,0.0,0.0,0.0,137.0,98.0,0.0,102.9,5.00
3-5-2022 09:00,0.0,0.273,0.0,0.0,0.0,137.0,98.0,0.0,68.6,5.00
3-5-2022 10:00,0.0,0.272,0.0,0.0,0.0,91.3,143.7,0.0,68.6,5.00
3-5-2022 11:00,0.0,0.272,0.0,0.0,0.0,91.3,111.0,32.7,68.6,5.00
3-5-2022 12:00,0.0,0.272,0.0,0.0,0.0,91.3,111.0,32.7,68.6,5.00
3-5-2022 13:00,70.7,0.272,70.7,0.0,0.0,91.3,111.0,32.7,68.6,5.00
3-5-2022 14:00,0.0,0.272,70.7,0.0,0.0,91.3,111.0,32.7,68.6,5.88
3-5-2022 15:00,0.0,0.272,70.7,0.0,0.0,91.3,111.0,32.7,0.0,7.02
3-5-2022 16:00,66.5,0.271,137.2,0.0,0.0,0.0,137.0,98.0,0.0,7.50
3-5-2022 17:00,0.0,0.271,137.2,0.0,0.0,0.0,137.0,98.0,0.0,8.00
3-5-2022 18:00,0.0,0.271,137.2,0.0,0.0,0.0,137.0,98.0,0.0,8.00
3-5-2022 19:00,0.0,0.271,137.2,0.0,0.0,0.0,137.0,98.0,0.0,8.30
3-5-2022 20:00,0.0,0.271,137.2,0.0,0.0,0.0,137.0,98.0,0.0,8.82
3-5-2022 21:00,0.0,0.271,137.2,0.0,0.0,0.0,137.0,98.0,0.0,10.02
3-5-2022 22:00,0.0,0.270,137.2,0.0,0.0,0.0,137.0,98.0,0.0,9.72
3-5-2022 23:00,0.0,0.270,137.2,0.0,0.0,0.0,137.0,98.0,0.0,9.96
4-5-2022 00:00,0.0,0.270,137.2,0.0,0.0,0.0,137.0,98.0,0.0,9.60
4-5-2022 01:00,0.0,0.270,137.2,0.0,0.0,0.0,137.0,98.0,0.0,9.78
4-5-2022 02:00,0.0,0.270,137.2,0.0,0.0,0.0,137.0,98.0,0.0,9.18
4-5-2022 03:00,0.0,0.270,137.2,0.0,0.0,0.0,137.0,98.0,0.0,9.18
4-5-2022 04:00,0.0,0.269,137.2,0.0,0.0,0.0,137.0,98.0,0.0,9.18
4-5-2022 05:00,0.0,0.269,137.2,0.0,0.0,0.0,137.0,98.0,0.0,9.18
4-5-2022 06:00,0.0,0.269,137.2,0.0,0.0,0.0,137.0,98.0,0.0,9.18
4-5-2022 07:00,0.0,0.269,137.2,0.0,0.0,0.0,137.0,98.0,0.0,9.24
4-5-2022 08:00,0.0,0.269,137.2,0.0,0.0,0.0,137.0,98.0,0.0,9.42
4-5-2022 09:00,0.0,0.269,137.2,0.0,0.0,0.0,137.0,98.0,0.0,9.36
4-5-2022 10:00,0.0,0.268,137.2,0.0,0.0,0.0,91.3,143.7,0.0,9.36
4-5-2022 11:00,0.0,0.268,137.2,0.0,0.0,0.0,91.3,111.0,32.7,9.90
4-5-2022 12:00,0.0,0.268,137.2,0.0,0.0,0.0,91.3,111.0,32.7,10.00
4-5-2022 13:00,0.0,0.268,66.5,70.7,0.0,0.0,91.3,111.0,32.7,10.00
4-5-2022 14:00,0.0,0.268,66.5,70.7,0.0,0.0,91.3,111.0,32.7,10.00
4-5-2022 15:00,0.0,0.268,66.5,70.7,0.0,0.0,91.3,111.0,32.7,10.00
4-5-2022 16:00,0.0,0.267,0.0,137.2,0.0,0.0,0.0,137.0,98.0,10.00
4-5-2022 17:00,0.0,0.267,0.0,137.2,0.0,0.0,0.0,137.0,98.0,10.00
4-5-2022 18:00,0.0,0.267,0.0,137.2,0.0,0.0,0.0,137.0,98.0,10.62
4-5-2022 19:00,0.0,0.267,0.0,137.2,0.0,0.0,0.0,137.0,98.0,13.50
4-5-2022 20:00,0.0,0.267,0.0,137.2,0.0,0.0,0.0,137.0,98.0,15.36
4-5-2022 21:00,0.0,0.267,0.0,137.2,0.0,0.0,0.0,137.0,98.0,17.94
4-5-2022 22:00,0.0,0.266,0.0,137.2,0.0,0.0,0.0,137.0,98.0,19.56
4-5-2022 23:00,0.0,0.266,0.0,137.2,0.0,0.0,0.0,137.0,98.0,20.28
5-5-2022 00:00,0.0,0.266,0.0,137.2,0.0,0.0,0.0,137.0,98.0,19.50
5-5-2022 01:00,0.0,0.266,0.0,137.2,0.0,0.0,0.0,137.0,98.0,17.34
5-5-2022 02:00,0.0,0.266,0.0,137.2,0.0,0.0,0.0,137.0,98.0,15.66
5-5-2022 03:00,0.0,0.266,0.0,137.2,0.0,0.0,0.0,137.0,98.0,13.80
5-5-2022 04:00,0.0,0.265,0.0,137.2,0.0,0.0,0.0,137.0,98.0,13.26
5-5-2022 05:00,0.0,0.265,0.0,137.2,0.0,0.0,0.0,137.0,98.0,12.18
5-5-2022 06:00,0.0,0.265,0.0,137.2,0.0,0.0,0.0,137.0,98.0,11.80
5-5-2022 07:00,0.0,0.265,0.0,137.2,0.0,0.0,0.0,137.0,98.0,10.56
5-5-2022 08:00,0.0,0.265,0.0,137.2,0.0,0.0,0.0,137.0,98.0,10.00
5-5-2022 09:00,0.0,0.265,0.0,137.2,0.0,0.0,0.0,137.0,98.0,9.50
5-5-2022 10:00,0.0,0.264,0.0,137.2,0.0,0.0,0.0,91.3,143.7,9.50
5-5-2022 11:00,0.0,0.264,0.0,137.2,0.0,0.0,0.0,91.3,111.0,9.50
5-5-2022 12:00,0.0,0.264,0.0,137.2,0.0,0.0,0.0,91.3,111.0,9.50
5-5-2022 13:00,0.0,0.264,0.0,66.5,70.7,0.0,0.0,91.3,111.0,9.50
5-5-2022 14:00,0.0,0.264,0.0,66.5,70.7,0.0,0.0,91.3,111.0,9.50
5-5-2022 15:00,0.0,0.263,0.0,66.5,70.7,0.0,0.0,91.3,111.0,9.50
5-5-2022 16:00,0.0,0.263,0.0,0.0,137.2,0.0,0.0,0.0,137.0,9.00
5-5-2022 17:00,0.0,0.263,0.0,0.0,137.2,0.0,0.0,0.0,137.0,8.50
5-5-2022 18:00,0.0,0.263,0.0,0.0,137.2,0.0,0.0,0.0,137.0,8.00
5-5-2022 19:00,0.0,0.263,0.0,0.0,137.2,0.0,0.0,0.0,137.0,7.50
5-5-2022 20:00,0.0,0.263,0.0,0.0,137.2,0.0,0.0,0.0,137.0,7.00
5-5-2022 21:00,0.0,0.262,0.0,0.0,137.2,0.0,0.0,0.0,137.0,6.50
5-5-2022 22:00,0.0,0.262,0.0,0.0,137.2,0.0,0.0,0.0,137.0,6.00
5-5-2022 23:00,0.0,0.262,0.0,0.0,137.2,0.0,0.0,0.0,137.0,5.76
6-5-2022 00:00,0.0,0.262,0.0,0.0,137.2,0.0,0.0,0.0,137.0,5.50
6-5-2022 01:00,0.0,0.262,0.0,0.0,137.2,0.0,0.0,0.0,137.0,5.52
6-5-2022 02:00,0.0,0.262,0.0,0.0,137.2,0.0,0.0,0.0,137.0,5.40
6-5-2022 03:00,0.0,0.261,0.0,0.0,137.2,0.0,0.0,0.0,137.0,5.30
6-5-2022 04:00,0.0,0.261,0.0,0.0,137.2,0.0,0.0,0.0,137.0,5.20
6-5-2022 05:00,0.0,0.261,0.0,0.0,137.2,0.0,0.0,0.0,137.0,5.20
6-5-2022 06:00,0.0,0.261,0.0,0.0,137.2,0.0,0.0,0.0,137.0,5.20
6-5-2022 07:00,0.0,0.261,0.0,0.0,137.2,0.0,0.0,0.0,137.0,5.20
6-5-2022 08:00,0.0,0.261,0.0,0.0,137.2,0.0,0.0,0.0,137.0,5.20
6-5-2022 09:00,0.0,0.260,0.0,0.0,137.2,0.0,0.0,0.0,137.0,5.10
6-5-2022 10:00,0.0,0.260,0.0,0.0,137.2,0.0,0.0,0.0,91.3,5.10
6-5-2022 11:00,0.0,0.260,0.0,0.0,137.2,0.0,0.0,0.0,91.3,5.10
6-5-2022 12:00,0.0,0.260,0.0,0.0,137.2,0.0,0.0,0.0,91.3,5.10
6-5-2022 13:00,0.0,0.260,0.0,0.0,66.5,70.7,0.0,0.0,91.3,4.80
6-5-2022 14:00,0.0,0.260,0.0,0.0,66.5,70.7,0.0,0.0,91.3,4.60
6-5-2022 15:00,0.0,0.259,0.0,0.0,66.5,70.7,0.0,0.0,91.3,4.40
6-5-2022 16:00,0.0,0.259,0.0,0.0,0.0,137.2,0.0,0.0,0.0,4.20
6-5-2022 17:00,0.0,0.259,0.0,0.0,0.0,137.2,0.0,0.0,0.0,4.00
6-5-2022 18:00,0.0,0.259,0.0,0.0,0.0,137.2,0.0,0.0,0.0,3.80
6-5-2022 19:00,0.0,0.259,0.0,0.0,0.0,137.2,0.0,0.0,0.0,3.60
6-5-2022 20:00,0.0,0.259,0.0,0.0,0.0,137.2,0.0,0.0,0.0,3.40
6-5-2022 21:00,0.0,0.258,0.0,0.0,0.0,137.2,0.0,0.0,0.0,3.20
6-5-2022 22:00,0.0,0.258,0.0,0.0,0.0,137.2,0.0,0.0,0.0,3.00
6-5-2022 23:00,0.0,0.258,0.0,0.0,0.0,137.2,0.0,0.0,0.0,3.00
7-5-2022 00:00,0.0,0.258,0.0,0.0,0.0,137.2,0.0,0.0,0.0,3.00
7-5-2022 01:00,0.0,0.258,0.0,0.0,0.0,137.2,0.0,0.0,0.0,3.00
7-5-2022 02:00,0.0,0.258,0.0,0.0,0.0,137.2,0.0,0.0,0.0,3.00
7-5-2022 03:00,0.0,0.257,0.0,0.0,0.0,137.2,0.0,0.0,0.0,3.00
7-5-2022 04:00,0.0,0.257,0.0,0.0,0.0,137.2,0.0,0.0,0.0,3.00
7-5-2022 05:00,0.0,0.257,0.0,0.0,0.0,137.2,0.0,0.0,0.0,3.00
7-5-2022 06:00,0.0,0.257,0.0,0.0,0.0,137.2,0.0,0.0,0.0,3.00
7-5-2022 07:00,0.0,0.257,0.0,0.0,0.0,137.2,0.0,0.0,0.0,3.00
7-5-2022 08:00,0.0,0.257,0.0,0.0,0.0,137.2,0.0,0.0,0.0,3.00
7-5-2022 09:00,0.0,0.256,0.0,0.0,0.0,137.2,0.0,0.0,0.0,3.00
7-5-2022 10:00,0.0,0.256,0.0,0.0,0.0,137.2,0.0,0.0,0.0,3.00
7-5-2022 11:00,0.0,0.256,0.0,0.0,0.0,137.2,0.0,0.0,0.0,3.00
7-5-2022 12:00,0.0,0.256,0.0,0.0,0.0,137.2,0.0,0.0,0.0,3.00
7-5-2022 13:00,0.0,0.256,0.0,0.0,0.0,66.5,70.7,0.0,0.0,3.00
7-5-2022 14:00,0.0,0.255,0.0,0.0,0.0,66.5,70.7,0.0,0.0,3.00
7-5-2022 15:00,0.0,0.255,0.0,0.0,0.0,66.5,70.7,0.0,0.0,3.00
7-5-2022 16:00,0.0,0.255,0.0,0.0,0.0,0.0,137.2,0.0,0.0,3.00
7-5-2022 17:00,0.0,0.255,0.0,0.0,0.0,0.0,137.2,0.0,0.0,3.00
7-5-2022 18:00,0.0,0.255,0.0,0.0,0.0,0.0,137.2,0.0,0.0,3.00
7-5-2022 19:00,0.0,0.255,0.0,0.0,0.0,0.0,137.2,0.0,0.0,3.00
7-5-2022 20:00,0.0,0.254,0.0,0.0,0.0,0.0,137.2,0.0,0.0,3.00
7-5-2022 21:00,0.0,0.254,0.0,0.0,0.0,0.0,137.2,0.0,0.0,3.00
7-5-2022 22:00,0.0,0.254,0.0,0.0,0.0,0.0,137.2,0.0,0.0,3.00
7-5-2022 23:00,0.0,0.254,0.0,0.0,0.0,0.0,137.2,0.0,0.0,3.00
8-5-2022 00:00,0.0,0.254,0.0,0.0,0.0,0.0,137.2,0.0,0.0,3.00
8-5-2022 01:00,0.0,0.254,0.0,0.0,0.0,0.0,137.2,0.0,0.0,3.00
8-5-2022 02:00,0.0,0.253,0.0,0.0,0.0,0.0,137.2,0.0,0.0,3.00
8-5-2022 03:00,0.0,0.253,0.0,0.0,0.0,0.0,137.2,0.0,0.0,3.00
8-5-2022 04:00,0.0,0.253,0.0,0.0,0.0,0.0,137.2,0.0,0.0,3.00
8-5-2022 05:00,0.0,0.253,0.0,0.0,0.0,0.0,137.2,0.0,0.0,3.00
8-5-2022 06:00,0.0,0.253,0.0,0.0,0.0,0.0,137.2,0.0,0.0,3.00
8-5-2022 07:00,0.0,0.253,0.0,0.0,0.0,0.0,137.2,0.0,0.0,3.00
8-5-2022 08:00,0.0,0.252,0.0,0.0,0.0,0.0,137.2,0.0,0.0,3.00
8-5-2022 09:00,0.0,0.252,0.0,0.0,0.0,0.0,137.2,0.0,0.0,3.00
8-5-2022 10:00,0.0,0.252,0.0,0.0,0.0,0.0,137.2,0.0,0.0,3.00
8-5-2022 11:00,0.0,0.252,0.0,0.0,0.0,0.0,137.2,0.0,0.0,3.00
8-5-2022 12:00,0.0,0.252,0.0,0.0,0.0,0.0,137.2,0.0,0.0,3.00
8-5-2022 13:00,0.0,0.252,0.0,0.0,0.0,0.0,66.5,70.7,0.0,3.00
8-5-2022 14:00,0.0,0.251,0.0,0.0,0.0,0.0,66.5,70.7,0.0,3.00
8-5-2022 15:00,0.0,0.251,0.0,0.0,0.0,0.0,66.5,70.7,0.0,3.00
8-5-2022 16:00,0.0,0.251,0.0,0.0,0.0,0.0,0.0,137.2,0.0,3.00
8-5-2022 17:00,0.0,0.251,0.0,0.0,0.0,0.0,0.0,137.2,0.0,3.00
8-5-2022 18:00,0.0,0.251,0.0,0.0,0.0,0.0,0.0,137.2,0.0,3.00
8-5-2022 19:00,0.0,0.251,0.0,0.0,0.0,0.0,0.0,137.2,0.0,3.00
8-5-2022 20:00,0.0,0.250,0.0,0.0,0.0,0.0,0.0,137.2,0.0,3.00
8-5-2022 21:00,0.0,0.250,0.0,0.0,0.0,0.0,0.0,137.2,0.0,3.00
8-5-2022 22:00,0.0,0.250,0.0,0.0,0.0,0.0,0.0,137.2,0.0,3.00
8-5-2022 23:00,0.0,0.250,0.0,0.0,0.0,0.0,0.0,137.2,0.0,3.00
9-5-2022 00:00,0.0,0.250,0.0,0.0,0.0,0.0,0.0,137.2,0.0,3.00
9-5-2022 01:00,0.0,0.250,0.0,0.0,0.0,0.0,0.0,137.2,0.0,3.00
9-5-2022 02:00,0.0,0.249,0.0,0.0,0.0,0.0,0.0,137.2,0.0,3.00
9-5-2022 03:00,0.0,0.249,0.0,0.0,0.0,0.0,0.0,137.2,0.0,3.00
9-5-2022 04:00,0.0,0.249,0.0,0.0,0.0,0.0,0.0,137.2,0.0,3.00
9-5-2022 05:00,0.0,0.249,0.0,0.0,0.0,0.0,0.0,137.2,0.0,3.00
9-5-2022 06:00,0.0,0.249,0.0,0.0,0.0,0.0,0.0,137.2,0.0,3.00
9-5-2022 07:00,0.0,0.249,0.0,0.0,0.0,0.0,0.0,137.2,0.0,3.00
9-5-2022 08:00,0.0,0.248,0.0,0.0,0.0,0.0,0.0,137.2,0.0,3.00
9-5-2022 09:00,0.0,0.248,0.0,0.0,0.0,0.0,0.0,137.2,0.0,3.00
9-5-2022 10:00,39.2,0.248,39.2,0.0,0.0,0.0,0.0,137.2,0.0,3.00
9-5-2022 11:00,0.0,0.248,39.2,0.0,0.0,0.0,0.0,137.2,0.0,3.50
9-5-2022 12:00,0.0,0.247,39.2,0.0,0.0,0.0,0.0,137.2,0.0,3.50
9-5-2022 13:00,0.0,0.247,39.2,0.0,0.0,0.0,0.0,66.5,70.7,4.00
9-5-2022 14:00,0.0,0.246,39.2,0.0,0.0,0.0,0.0,66.5,70.7,4.50
9-5-2022 15:00,0.0,0.246,39.2,0.0,0.0,0.0,0.0,66.5,70.7,4.00
9-5-2022 16:00,78.4,0.246,117.6,0.0,0.0,0.0,0.0,0.0,137.2,3.84
9-5-2022 17:00,0.0,0.245,117.6,0.0,0.0,0.0,0.0,0.0,137.2,3.80
9-5-2022 18:00,0.0,0.245,117.6,0.0,0.0,0.0,0.0,0.0,137.2,3.80
9-5-2022 19:00,0.0,0.244,117.6,0.0,0.0,0.0,0.0,0.0,137.2,4.30
9-5-2022 20:00,0.0,0.244,117.6,0.0,0.0,0.0,0.0,0.0,137.2,5.04
9-5-2022 21:00,0.0,0.243,117.6,0.0,0.0,0.0,0.0,0.0,137.2,5.94
9-5-2022 22:00,0.0,0.243,117.6,0.0,0.0,0.0,0.0,0.0,137.2,5.58
9-5-2022 23:00,0.0,0.243,117.6,0.0,0.0,0.0,0.0,0.0,137.2,5.22
10-5-2022 00:00,0.0,0.242,117.6,0.0,0.0,0.0,0.0,0.0,137.2,5.34
10-5-2022 01:00,0.0,0.242,117.6,0.0,0.0,0.0,0.0,0.0,137.2,5.46
10-5-2022 02:00,0.0,0.241,117.6,0.0,0.0,0.0,0.0,0.0,137.2,6.00
10-5-2022 03:00,0.0,0.241,117.6,0.0,0.0,0.0,0.0,0.0,137.2,6.50
10-5-2022 04:00,0.0,0.241,117.6,0.0,0.0,0.0,0.0,0.0,137.2,6.50
10-5-2022 05:00,0.0,0.240,117.6,0.0,0.0,0.0,0.0,0.0,137.2,6.30
10-5-2022 06:00,0.0,0.240,117.6,0.0,0.0,0.0,0.0,0.0,137.2,6.20
10-5-2022 07:00,0.0,0.239,117.6,0.0,0.0,0.0,0.0,0.0,137.2,6.10
10-5-2022 08:00,0.0,0.239,117.6,0.0,0.0,0.0,0.0,0.0,137.2,6.10
10-5-2022 09:00,26.1,0.238,143.7,0.0,0.0,0.0,0.0,0.0,137.2,6.12
10-5-2022 10:00,0.0,0.238,104.5,39.2,0.0,0.0,0.0,0.0,137.2,6.50
10-5-2022 11:00,0.0,0.240,104.5,39.2,0.0,0.0,0.0,0.0,137.2,6.50
10-5-2022 12:00,0.0,0.242,104.5,39.2,0.0,0.0,0.0,0.0,137.2,6.50
10-5-2022 13:00,0.0,0.244,104.5,39.2,0.0,0.0,0.0,0.0,66.5,6.50
10-5-2022 14:00,52.3,0.246,156.8,39.2,0.0,0.0,0.0,0.0,66.5,6.70
10-5-2022 15:00,0.0,0.247,156.8,39.2,0.0,0.0,0.0,0.0,66.5,6.92
10-5-2022 16:00,0.0,0.249,78.4,117.6,0.0,0.0,0.0,0.0,0.0,7.58
10-5-2022 17:00,0.0,0.251,78.4,117.6,0.0,0.0,0.0,0.0,0.0,7.52
10-5-2022 18:00,0.0,0.253,78.4,117.6,0.0,0.0,0.0,0.0,0.0,7.16
10-5-2022 19:00,0.0,0.255,78.4,117.6,0.0,0.0,0.0,0.0,0.0,6.98
10-5-2022 20:00,0.0,0.257,78.4,117.6,0.0,0.0,0.0,0.0,0.0,7.40
10-5-2022 21:00,0.0,0.259,78.4,117.6,0.0,0.0,0.0,0.0,0.0,7.94
10-5-2022 22:00,0.0,0.261,78.4,117.6,0.0,0.0,0.0,0.0,0.0,8.42
10-5-2022 23:00,0.0,0.262,78.4,117.6,0.0,0.0,0.0,0.0,0.0,8.70
11-5-2022 00:00,0.0,0.264,78.4,117.6,0.0,0.0,0.0,0.0,0.0,9.18
11-5-2022 01:00,0.0,0.266,78.4,117.6,0.0,0.0,0.0,0.0,0.0,10.80
11-5-2022 02:00,0.0,0.268,78.4,117.6,0.0,0.0,0.0,0.0,0.0,12.30
11-5-2022 03:00,0.0,0.270,78.4,117.6,0.0,0.0,0.0,0.0,0.0,14.76
11-5-2022 04:00,0.0,0.272,78.4,117.6,0.0,0.0,0.0,0.0,0.0,18.12
11-5-2022 05:00,0.0,0.274,78.4,117.6,0.0,0.0,0.0,0.0,0.0,21.30
11-5-2022 06:00,0.0,0.276,78.4,117.6,0.0,0.0,0.0,0.0,0.0,25.68
11-5-2022 07:00,0.0,0.277,78.4,117.6,0.0,0.0,0.0,0.0,0.0,27.12
11-5-2022 08:00,0.0,0.279,78.4,117.6,0.0,0.0,0.0,0.0,0.0,23.88
11-5-2022 09:00,0.0,0.281,52.3,143.7,0.0,0.0,0.0,0.0,0.0,22.08
11-5-2022 10:00,19.6,0.283,71.9,104.5,39.2,0.0,0.0,0.0,0.0,18.30
11-5-2022 11:00,0.0,0.283,71.9,104.5,39.2,0.0,0.0,0.0,0.0,18.54
11-5-2022 12:00,0.0,0.283,71.9,104.5,39.2,0.0,0.0,0.0,0.0,18.78
11-5-2022 13:00,0.0,0.283,71.9,104.5,39.2,0.0,0.0,0.0,0.0,18.78
11-5-2022 14:00,0.0,0.283,19.6,156.8,39.2,0.0,0.0,0.0,0.0,17.28
11-5-2022 15:00,0.0,0.283,19.6,156.8,39.2,0.0,0.0,0.0,0.0,16.86
11-5-2022 16:00,39.2,0.284,58.8,78.4,117.6,0.0,0.0,0.0,0.0,17.70
11-5-2022 17:00,0.0,0.284,58.8,78.4,117.6,0.0,0.0,0.0,0.0,22.80
11-5-2022 18:00,0.0,0.284,58.8,78.4,117.6,0.0,0.0,0.0,0.0,25.02
11-5-2022 19:00,0.0,0.284,58.8,78.4,117.6,0.0,0.0,0.0,0.0,26.10
11-5-2022 20:00,0.0,0.284,58.8,78.4,117.6,0.0,0.0,0.0,0.0,25.32
11-5-2022 21:00,0.0,0.284,58.8,78.4,117.6,0.0,0.0,0.0,0.0,23.82
11-5-2022 22:00,0.0,0.284,58.8,78.4,117.6,0.0,0.0,0.0,0.0,21.60
11-5-2022 23:00,0.0,0.284,58.8,78.4,117.6,0.0,0.0,0.0,0.0,19.92
12-5-2022 00:00,0.0,0.284,58.8,78.4,117.6,0.0,0.0,0.0,0.0,16.08
12-5-2022 01:00,0.0,0.284,58.8,78.4,117.6,0.0,0.0,0.0,0.0,12.72
12-5-2022 02:00,0.0,0.284,58.8,78.4,117.6,0.0,0.0,0.0,0.0,12.48
12-5-2022 03:00,0.0,0.284,58.8,78.4,117.6,0.0,0.0,0.0,0.0,11.94
12-5-2022 04:00,0.0,0.285,58.8,78.4,117.6,0.0,0.0,0.0,0.0,11.52
12-5-2022 05:00,0.0,0.285,58.8,78.4,117.6,0.0,0.0,0.0,0.0,11.04
12-5-2022 06:00,0.0,0.285,58.8,78.4,117.6,0.0,0.0,0.0,0.0,11.40
12-5-2022 07:00,0.0,0.285,58.8,78.4,117.6,0.0,0.0,0.0,0.0,11.70
12-5-2022 08:00,0.0,0.285,58.8,78.4,117.6,0.0,0.0,0.0,0.0,11.82
12-5-2022 09:00,0.0,0.285,58.8,52.3,143.7,0.0,0.0,0.0,0.0,13.98
12-5-2022 10:00,32.7,0.285,71.9,71.9,104.5,39.2,0.0,0.0,0.0,14.28
12-5-2022 11:00,0.0,0.285,71.9,71.9,104.5,39.2,0.0,0.0,0.0,17.34
12-5-2022 12:00,0.0,0.286,71.9,71.9,104.5,39.2,0.0,0.0,0.0,17.34
12-5-2022 13:00,0.0,0.286,71.9,71.9,104.5,39.2,0.0,0.0,0.0,16.62
12-5-2022 14:00,0.0,0.286,71.9,19.6,156.8,39.2,0.0,0.0,0.0,15.60
12-5-2022 15:00,0.0,0.287,71.9,19.6,156.8,39.2,0.0,0.0,0.0,13.02
12-5-2022 16:00,65.4,0.287,98.1,58.8,78.4,117.6,0.0,0.0,0.0,9.48
12-5-2022 17:00,0.0,0.287,98.1,58.8,78.4,117.6,0.0,0.0,0.0,9.50
12-5-2022 18:00,0.0,0.288,98.1,58.8,78.4,117.6,0.0,0.0,0.0,9.50
12-5-2022 19:00,0.0,0.288,98.1,58.8,78.4,117.6,0.0,0.0,0.0,9.50
12-5-2022 20:00,0.0,0.288,98.1,58.8,78.4,117.6,0.0,0.0,0.0,10.00
12-5-2022 21:00,0.0,0.289,98.1,58.8,78.4,117.6,0.0,0.0,0.0,10.50
12-5-2022 22:00,0.0,0.289,98.1,58.8,78.4,117.6,0.0,0.0,0.0,11.40
12-5-2022 23:00,0.0,0.290,98.1,58.8,78.4,117.6,0.0,0.0,0.0,12.00
13-5-2022 00:00,0.0,0.290,98.1,58.8,78.4,117.6,0.0,0.0,0.0,12.30
13-5-2022 01:00,0.0,0.290,98.1,58.8,78.4,117.6,0.0,0.0,0.0,12.50
13-5-2022 02:00,0.0,0.291,98.1,58.8,78.4,117.6,0.0,0.0,0.0,13.14
13-5-2022 03:00,0.0,0.291,98.1,58.8,78.4,117.6,0.0,0.0,0.0,13.80
13-5-2022 04:00,0.0,0.291,98.1,58.8,78.4,117.6,0.0,0.0,0.0,15.60
13-5-2022 05:00,0.0,0.292,98.1,58.8,78.4,117.6,0.0,0.0,0.0,16.62
13-5-2022 06:00,0.0,0.292,98.1,58.8,78.4,117.6,0.0,0.0,0.0,19.26
13-5-2022 07:00,0.0,0.292,98.1,58.8,78.4,117.6,0.0,0.0,0.0,20.94
13-5-2022 08:00,0.0,0.293,98.1,58.8,78.4,117.6,0.0,0.0,0.0,18.00
13-5-2022 09:00,0.0,0.293,98.1,58.8,52.3,143.7,0.0,0.0,0.0,15.84
13-5-2022 10:00,45.7,0.292,111.1,71.9,71.9,104.5,39.2,0.0,0.0,14.64
13-5-2022 11:00,0.0,0.292,111.1,71.9,71.9,104.5,39.2,0.0,0.0,16.20
13-5-2022 12:00,0.0,0.291,111.1,71.9,71.9,104.5,39.2,0.0,0.0,19.08
13-5-2022 13:00,0.0,0.290,111.1,71.9,71.9,104.5,39.2,0.0,0.0,20.82
13-5-2022 14:00,0.0,0.290,111.1,71.9,19.6,156.8,39.2,0.0,0.0,21.42
13-5-2022 15:00,0.0,0.289,111.1,71.9,19.6,156.8,39.2,0.0,0.0,20.04
13-5-2022 16:00,91.5,0.288,137.2,98.1,58.8,78.4,117.6,0.0,0.0,19.01
13-5-2022 17:00,0.0,0.288,137.2,98.1,58.8,78.4,117.6,0.0,0.0,20.78
13-5-2022 18:00,0.0,0.287,137.2,98.1,58.8,78.4,117.6,0.0,0.0,21.84
13-5-2022 19:00,0.0,0.286,137.2,98.1,58.8,78.4,117.6,0.0,0.0,22.56
13-5-2022 20:00,0.0,0.286,137.2,98.1,58.8,78.4,117.6,0.0,0.0,23.09
13-5-2022 21:00,0.0,0.285,137.2,98.1,58.8,78.4,117.6,0.0,0.0,23.42
13-5-2022 22:00,0.0,0.284,137.2,98.1,58.8,78.4,117.6,0.0,0.0,23.95
13-5-2022 23:00,0.0,0.284,137.2,98.1,58.8,78.4,117.6,0.0,0.0,24.10
14-5-2022 00:00,0.0,0.283,137.2,98.1,58.8,78.4,117.6,0.0,0.0,24.53
14-5-2022 01:00,0.0,0.282,137.2,98.1,58.8,78.4,117.6,0.0,0.0,24.38
14-5-2022 02:00,0.0,0.282,137.2,98.1,58.8,78.4,117.6,0.0,0.0,24.38
14-5-2022 03:00,0.0,0.281,137.2,98.1,58.8,78.4,117.6,0.0,0.0,23.50
14-5-2022 04:00,0.0,0.281,137.2,98.1,58.8,78.4,117.6,0.0,0.0,22.90
14-5-2022 05:00,0.0,0.280,137.2,98.1,58.8,78.4,117.6,0.0,0.0,22.60
14-5-2022 06:00,0.0,0.279,137.2,98.1,58.8,78.4,117.6,0.0,0.0,22.31
14-5-2022 07:00,0.0,0.279,137.2,98.1,58.8,78.4,117.6,0.0,0.0,22.00
14-5-2022 08:00,0.0,0.278,137.2,98.1,58.8,78.4,117.6,0.0,0.0,21.71
14-5-2022 09:00,0.0,0.277,137.2,98.1,58.8,52.3,143.7,0.0,0.0,21.10
14-5-2022 10:00,0.0,0.277,91.5,111.1,71.9,71.9,104.5,39.2,0.0,20.53
14-5-2022 11:00,0.0,0.276,91.5,111.1,71.9,71.9,104.5,39.2,0.0,20.13
14-5-2022 12:00,0.0,0.275,91.5,111.1,71.9,71.9,104.5,39.2,0.0,19.73
14-5-2022 13:00,0.0,0.275,91.5,111.1,71.9,71.9,104.5,39.2,0.0,19.60
14-5-2022 14:00,0.0,0.274,91.5,111.1,71.9,19.6,156.8,39.2,0.0,19.47
14-5-2022 15:00,0.0,0.273,91.5,111.1,71.9,19.6,156.8,39.2,0.0,19.34
14-5-2022 16:00,0.0,0.273,0.0,137.2,98.1,58.8,78.4,117.6,0.0,19.14
14-5-2022 17:00,0.0,0.272,0.0,137.2,98.1,58.8,78.4,117.6,0.0,18.70
14-5-2022 18:00,0.0,0.271,0.0,137.2,98.1,58.8,78.4,117.6,0.0,18.15
14-5-2022 19:00,0.0,0.271,0.0,137.2,98.1,58.8,78.4,117.6,0.0,17.60
14-5-2022 20:00,0.0,0.270,0.0,137.2,98.1,58.8,78.4,117.6,0.0,17.20
14-5-2022 21:00,0.0,0.269,0.0,137.2,98.1,58.8,78.4,117.6,0.0,16.90
14-5-2022 22:00,0.0,0.269,0.0,137.2,98.1,58.8,78.4,117.6,0.0,16.00
14-5-2022 23:00,0.0,0.268,0.0,137.2,98.1,58.8,78.4,117.6,0.0,15.18
15-5-2022 00:00,0.0,0.267,0.0,137.2,98.1,58.8,78.4,117.6,0.0,14.50
15-5-2022 01:00,0.0,0.267,0.0,137.2,98.1,58.8,78.4,117.6,0.0,14.00
15-5-2022 02:00,0.0,0.266,0.0,137.2,98.1,58.8,78.4,117.6,0.0,13.80
15-5-2022 03:00,0.0,0.265,0.0,137.2,98.1,58.8,78.4,117.6,0.0,13.73
15-5-2022 04:00,0.0,0.265,0.0,137.2,98.1,58.8,78.4,117.6,0.0,13.50
15-5-2022 05:00,0.0,0.264,0.0,137.2,98.1,58.8,78.4,117.6,0.0,13.13
15-5-2022 06:00,0.0,0.263,0.0,137.2,98.1,58.8,78.4,117.6,0.0,12.54
15-5-2022 07:00,0.0,0.263,0.0,137.2,98.1,58.8,78.4,117.6,0.0,12.00
15-5-2022 08:00,0.0,0.262,0.0,137.2,98.1,58.8,78.4,117.6,0.0,11.50
15-5-2022 09:00,0.0,0.261,0.0,137.2,98.1,58.8,52.3,143.7,0.0,11.30
15-5-2022 10:00,0.0,0.261,0.0,91.5,111.1,71.9,71.9,104.5,39.2,11.20
15-5-2022 11:00,0.0,0.260,0.0,91.5,111.1,71.9,71.9,104.5,39.2,11.10
15-5-2022 12:00,0.0,0.259,0.0,91.5,111.1,71.9,71.9,104.5,39.2,11.00
15-5-2022 13:00,0.0,0.259,0.0,91.5,111.1,71.9,71.9,104.5,39.2,10.90
15-5-2022 14:00,0.0,0.258,0.0,91.5,111.1,71.9,19.6,156.8,39.2,10.80
15-5-2022 15:00,0.0,0.257,0.0,91.5,111.1,71.9,19.6,156.8,39.2,10.70
15-5-2022 16:00,0.0,0.257,0.0,0.0,137.2,98.1,58.8,78.4,117.6,10.60
15-5-2022 17:00,0.0,0.256,0.0,0.0,137.2,98.1,58.8,78.4,117.6,10.50
15-5-2022 18:00,0.0,0.256,0.0,0.0,137.2,98.1,58.8,78.4,117.6,10.23
15-5-2022 19:00,0.0,0.255,0.0,0.0,137.2,98.1,58.8,78.4,117.6,9.80
15-5-2022 20:00,0.0,0.254,0.0,0.0,137.2,98.1,58.8,78.4,117.6,9.60
15-5-2022 21:00,0.0,0.254,0.0,0.0,137.2,98.1,58.8,78.4,117.6,9.37
15-5-2022 22:00,0.0,0.253,0.0,0.0,137.2,98.1,58.8,78.4,117.6,9.04
15-5-2022 23:00,0.0,0.252,0.0,0.0,137.2,98.1,58.8,78.4,117.6,7.92
16-5-2022 00:00,0.0,0.252,0.0,0.0,137.2,98.1,58.8,78.4,117.6,7.52
16-5-2022 01:00,0.0,0.251,0.0,0.0,137.2,98.1,58.8,78.4,117.6,7.00
16-5-2022 02:00,0.0,0.250,0.0,0.0,137.2,98.1,58.8,78.4,117.6,6.34
16-5-2022 03:00,0.0,0.250,0.0,0.0,137.2,98.1,58.8,78.4,117.6,6.34
16-5-2022 04:00,0.0,0.249,0.0,0.0,137.2,98.1,58.8,78.4,117.6,6.15
16-5-2022 05:00,0.0,0.248,0.0,0.0,137.2,98.1,58.8,78.4,117.6,5.94
16-5-2022 06:00,0.0,0.248,0.0,0.0,137.2,98.1,58.8,78.4,117.6,5.30
16-5-2022 07:00,0.0,0.247,0.0,0.0,137.2,98.1,58.8,78.4,117.6,4.80
16-5-2022 08:00,0.0,0.246,0.0,0.0,137.2,98.1,58.8,78.4,117.6,4.42
16-5-2022 09:00,0.0,0.246,0.0,0.0,137.2,98.1,58.8,52.3,143.7,4.40
16-5-2022 10:00,39.2,0.245,39.2,0.0,91.5,111.1,71.9,71.9,104.5,4.40
16-5-2022 11:00,0.0,0.245,39.2,0.0,91.5,111.1,71.9,71.9,104.5,5.00
16-5-2022 12:00,0.0,0.244,39.2,0.0,91.5,111.1,71.9,71.9,104.5,6.00
16-5-2022 13:00,0.0,0.244,39.2,0.0,91.5,111.1,71.9,71.9,104.5,7.00
16-5-2022 14:00,0.0,0.244,39.2,0.0,91.5,111.1,71.9,19.6,156.8,8.00
16-5-2022 15:00,0.0,0.243,39.2,0.0,91.5,111.1,71.9,19.6,156.8,9.00
16-5-2022 16:00,78.4,0.243,117.6,0.0,0.0,137.2,98.1,58.8,78.4,10.00
16-5-2022 17:00,0.0,0.242,117.6,0.0,0.0,137.2,98.1,58.8,78.4,11.10
16-5-2022 18:00,0.0,0.242,117.6,0.0,0.0,137.2,98.1,58.8,78.4,11.58
16-5-2022 19:00,0.0,0.242,117.6,0.0,0.0,137.2,98.1,58.8,78.4,11.46
16-5-2022 20:00,0.0,0.241,117.6,0.0,0.0,137.2,98.1,58.8,78.4,10.86
16-5-2022 21:00,0.0,0.241,117.6,0.0,0.0,137.2,98.1,58.8,78.4,10.86
16-5-2022 22:00,0.0,0.241,117.6,0.0,0.0,137.2,98.1,58.8,78.4,10.68
16-5-2022 23:00,0.0,0.240,117.6,0.0,0.0,137.2,98.1,58.8,78.4,10.50
17-5-2022 00:00,0.0,0.240,117.6,0.0,0.0,137.2,98.1,58.8,78.4,10.38
17-5-2022 01:00,0.0,0.239,117.6,0.0,0.0,137.2,98.1,58.8,78.4,9.72
17-5-2022 02:00,0.0,0.239,117.6,0.0,0.0,137.2,98.1,58.8,78.4,9.18
17-5-2022 03:00,0.0,0.239,117.6,0.0,0.0,137.2,98.1,58.8,78.4,9.12
17-5-2022 04:00,0.0,0.238,117.6,0.0,0.0,137.2,98.1,58.8,78.4,9.10
17-5-2022 05:00,0.0,0.238,117.6,0.0,0.0,137.2,98.1,58.8,78.4,9.00
17-5-2022 06:00,0.0,0.238,117.6,0.0,0.0,137.2,98.1,58.8,78.4,8.90
17-5-2022 07:00,0.0,0.237,117.6,0.0,0.0,137.2,98.1,58.8,78.4,8.82
17-5-2022 08:00,0.0,0.237,117.6,0.0,0.0,137.2,98.1,58.8,78.4,8.88
17-5-2022 09:00,26.1,0.236,143.7,0.0,0.0,137.2,98.1,58.8,52.3,8.80
17-5-2022 10:00,0.0,0.236,104.5,39.2,0.0,91.5,111.1,71.9,71.9,8.90
17-5-2022 11:00,0.0,0.237,104.5,39.2,0.0,91.5,111.1,71.9,71.9,9.00
17-5-2022 12:00,0.0,0.237,104.5,39.2,0.0,91.5,111.1,71.9,71.9,9.10
17-5-2022 13:00,0.0,0.238,104.5,39.2,0.0,91.5,111.1,71.9,71.9,9.20
17-5-2022 14:00,0.0,0.239,104.5,39.2,0.0,91.5,111.1,71.9,19.6,9.30
17-5-2022 15:00,0.0,0.239,104.5,39.2,0.0,91.5,111.1,71.9,19.6,9.40
17-5-2022 16:00,52.3,0.240,78.4,117.6,0.0,0.0,137.2,98.1,58.8,9.50
17-5-2022 17:00,0.0,0.240,78.4,117.6,0.0,0.0,137.2,98.1,58.8,9.60
17-5-2022 18:00,0.0,0.241,78.4,117.6,0.0,0.0,137.2,98.1,58.8,10.20
17-5-2022 19:00,0.0,0.242,78.4,117.6,0.0,0.0,137.2,98.1,58.8,10.62
17-5-2022 20:00,0.0,0.242,78.4,117.6,0.0,0.0,137.2,98.1,58.8,10.86
17-5-2022 21:00,0.0,0.243,78.4,117.6,0.0,0.0,137.2,98.1,58.8,12.54
17-5-2022 22:00,0.0,0.244,78.4,117.6,0.0,0.0,137.2,98.1,58.8,13.74
17-5-2022 23:00,0.0,0.244,78.4,117.6,0.0,0.0,137.2,98.1,58.8,16.38
18-5-2022 00:00,0.0,0.245,78.4,117.6,0.0,0.0,137.2,98.1,58.8,17.10
18-5-2022 01:00,0.0,0.245,78.4,117.6,0.0,0.0,137.2,98.1,58.8,20.76
18-5-2022 02:00,0.0,0.246,78.4,117.6,0.0,0.0,137.2,98.1,58.8,21.78
18-5-2022 03:00,0.0,0.247,78.4,117.6,0.0,0.0,137.2,98.1,58.8,22.50
18-5-2022 04:00,0.0,0.247,78.4,117.6,0.0,0.0,137.2,98.1,58.8,23.04
18-5-2022 05:00,0.0,0.248,78.4,117.6,0.0,0.0,137.2,98.1,58.8,24.18
18-5-2022 06:00,0.0,0.249,78.4,117.6,0.0,0.0,137.2,98.1,58.8,24.78
18-5-2022 07:00,0.0,0.249,78.4,117.6,0.0,0.0,137.2,98.1,58.8,25.86
18-5-2022 08:00,0.0,0.250,78.4,117.6,0.0,0.0,137.2,98.1,58.8,26.10
18-5-2022 09:00,0.0,0.250,52.3,143.7,0.0,0.0,137.2,98.1,58.8,26.00
18-5-2022 10:00,19.6,0.251,71.9,104.5,39.2,0.0,91.5,111.1,71.9,25.68
18-5-2022 11:00,0.0,0.251,71.9,104.5,39.2,0.0,91.5,111.1,71.9,25.26
18-5-2022 12:00,0.0,0.251,71.9,104.5,39.2,0.0,91.5,111.1,71.9,25.00
18-5-2022 13:00,0.0,0.251,71.9,104.5,39.2,0.0,91.5,111.1,71.9,24.50
18-5-2022 14:00,39.2,0.252,111.1,104.5,39.2,0.0,91.5,111.1,71.9,24.00
18-5-2022 15:00,0.0,0.252,111.1,104.5,39.2,0.0,91.5,111.1,71.9,23.46
18-5-2022 16:00,0.0,0.252,58.8,78.4,117.6,0.0,0.0,137.2,98.1,20.40
18-5-2022 17:00,0.0,0.252,58.8,78.4,117.6,0.0,0.0,137.2,98.1,19.26
18-5-2022 18:00,0.0,0.252,58.8,78.4,117.6,0.0,0.0,137.2,98.1,19.08
18-5-2022 19:00,0.0,0.252,58.8,78.4,117.6,0.0,0.0,137.2,98.1,18.72
18-5-2022 20:00,0.0,0.252,58.8,78.4,117.6,0.0,0.0,137.2,98.1,18.48
18-5-2022 21:00,0.0,0.252,58.8,78.4,117.6,0.0,0.0,137.2,98.1,18.24
18-5-2022 22:00,0.0,0.253,58.8,78.4,117.6,0.0,0.0,137.2,98.1,17.94
18-5-2022 23:00,0.0,0.253,58.8,78.4,117.6,0.0,0.0,137.2,98.1,16.68
19-5-2022 00:00,0.0,0.253,58.8,78.4,117.6,0.0,0.0,137.2,98.1,15.84
19-5-2022 01:00,0.0,0.253,58.8,78.4,117.6,0.0,0.0,137.2,98.1,15.84
19-5-2022 02:00,0.0,0.253,58.8,78.4,117.6,0.0,0.0,137.2,98.1,15.84
19-5-2022 03:00,0.0,0.253,58.8,78.4,117.6,0.0,0.0,137.2,98.1,15.84
19-5-2022 04:00,0.0,0.253,58.8,78.4,117.6,0.0,0.0,137.2,98.1,15.84
19-5-2022 05:00,0.0,0.253,58.8,78.4,117.6,0.0,0.0,137.2,98.1,15.84
19-5-2022 06:00,0.0,0.254,58.8,78.4,117.6,0.0,0.0,137.2,98.1,15.84
19-5-2022 07:00,0.0,0.254,58.8,78.4,117.6,0.0,0.0,137.2,98.1,15.72
19-5-2022 08:00,0.0,0.254,58.8,78.4,117.6,0.0,0.0,137.2,98.1,15.60
19-5-2022 09:00,0.0,0.254,58.8,52.3,143.7,0.0,0.0,137.2,98.1,15.72
19-5-2022 10:00,32.7,0.254,71.9,71.9,104.5,39.2,0.0,91.5,111.1,15.72
19-5-2022 11:00,0.0,0.254,71.9,71.9,104.5,39.2,0.0,91.5,111.1,15.50
19-5-2022 12:00,0.0,0.255,71.9,71.9,104.5,39.2,0.0,91.5,111.1,15.30
19-5-2022 13:00,0.0,0.255,71.9,71.9,104.5,39.2,0.0,91.5,111.1,15.10
19-5-2022 14:00,0.0,0.256,32.7,111.1,104.5,39.2,0.0,91.5,111.1,15.00
19-5-2022 15:00,0.0,0.256,32.7,111.1,104.5,39.2,0.0,91.5,111.1,15.18
19-5-2022 16:00,65.3,0.256,98.0,58.8,78.4,117.6,0.0,0.0,137.2,17.52
19-5-2022 17:00,0.0,0.257,98.0,58.8,78.4,117.6,0.0,0.0,137.2,19.14
19-5-2022 18:00,0.0,0.257,98.0,58.8,78.4,117.6,0.0,0.0,137.2,20.10
19-5-2022 19:00,0.0,0.257,98.0,58.8,78.4,117.6,0.0,0.0,137.2,20.64
19-5-2022 20:00,0.0,0.258,98.0,58.8,78.4,117.6,0.0,0.0,137.2,20.80
19-5-2022 21:00,0.0,0.258,98.0,58.8,78.4,117.6,0.0,0.0,137.2,20.50
19-5-2022 22:00,0.0,0.259,98.0,58.8,78.4,117.6,0.0,0.0,137.2,20.28
19-5-2022 23:00,0.0,0.259,98.0,58.8,78.4,117.6,0.0,0.0,137.2,19.08
20-5-2022 00:00,0.0,0.259,98.0,58.8,78.4,117.6,0.0,0.0,137.2,17.10
20-5-2022 01:00,0.0,0.260,98.0,58.8,78.4,117.6,0.0,0.0,137.2,18.36
20-5-2022 02:00,0.0,0.260,98.0,58.8,78.4,117.6,0.0,0.0,137.2,19.20
20-5-2022 03:00,0.0,0.260,98.0,58.8,78.4,117.6,0.0,0.0,137.2,21.06
20-5-2022 04:00,0.0,0.261,98.0,58.8,78.4,117.6,0.0,0.0,137.2,21.60
20-5-2022 05:00,0.0,0.261,98.0,58.8,78.4,117.6,0.0,0.0,137.2,22.00
20-5-2022 06:00,0.0,0.262,98.0,58.8,78.4,117.6,0.0,0.0,137.2,21.60
20-5-2022 07:00,0.0,0.262,98.0,58.8,78.4,117.6,0.0,0.0,137.2,20.58
20-5-2022 08:00,0.0,0.262,98.0,58.8,78.4,117.6,0.0,0.0,137.2,20.10
20-5-2022 09:00,45.7,0.263,143.7,58.8,52.3,143.7,0.0,0.0,137.2,19.50
20-5-2022 10:00,0.0,0.263,111.0,71.9,71.9,104.5,39.2,0.0,91.5,19.00
20-5-2022 11:00,0.0,0.263,111.0,71.9,71.9,104.5,39.2,0.0,91.5,18.36
20-5-2022 12:00,0.0,0.263,111.0,71.9,71.9,104.5,39.2,0.0,91.5,18.60
20-5-2022 13:00,0.0,0.263,111.0,71.9,71.9,104.5,39.2,0.0,91.5,19.44
20-5-2022 14:00,0.0,0.263,111.0,32.7,111.1,104.5,39.2,0.0,91.5,19.86
20-5-2022 15:00,0.0,0.263,111.0,32.7,111.1,104.5,39.2,0.0,91.5,20.30
20-5-2022 16:00,91.4,0.263,137.1,98.0,58.8,78.4,117.6,0.0,0.0,20.70
20-5-2022 17:00,0.0,0.263,137.1,98.0,58.8,78.4,117.6,0.0,0.0,21.06
20-5-2022 18:00,0.0,0.263,137.1,98.0,58.8,78.4,117.6,0.0,0.0,21.50
20-5-2022 19:00,0.0,0.263,137.1,98.0,58.8,78.4,117.6,0.0,0.0,22.08
20-5-2022 20:00,0.0,0.263,137.1,98.0,58.8,78.4,117.6,0.0,0.0,22.50
20-5-2022 21:00,0.0,0.263,137.1,98.0,58.8,78.4,117.6,0.0,0.0,23.00
20-5-2022 22:00,0.0,0.263,137.1,98.0,58.8,78.4,117.6,0.0,0.0,24.00
20-5-2022 23:00,0.0,0.263,137.1,98.0,58.8,78.4,117.6,0.0,0.0,25.20
21-5-2022 00:00,0.0,0.263,137.1,98.0,58.8,78.4,117.6,0.0,0.0,27.30
21-5-2022 01:00,0.0,0.263,137.1,98.0,58.8,78.4,117.6,0.0,0.0,26.94
21-5-2022 02:00,0.0,0.263,137.1,98.0,58.8,78.4,117.6,0.0,0.0,25.80
21-5-2022 03:00,0.0,0.263,137.1,98.0,58.8,78.4,117.6,0.0,0.0,25.50
21-5-2022 04:00,0.0,0.264,137.1,98.0,58.8,78.4,117.6,0.0,0.0,25.38
21-5-2022 05:00,0.0,0.264,137.1,98.0,58.8,78.4,117.6,0.0,0.0,25.38
21-5-2022 06:00,0.0,0.264,137.1,98.0,58.8,78.4,117.6,0.0,0.0,25.20
21-5-2022 07:00,0.0,0.264,137.1,98.0,58.8,78.4,117.6,0.0,0.0,24.50
21-5-2022 08:00,0.0,0.264,137.1,98.0,58.8,78.4,117.6,0.0,0.0,22.80
21-5-2022 09:00,0.0,0.264,91.4,143.7,58.8,52.3,143.7,0.0,0.0,22.56
21-5-2022 10:00,0.0,0.264,91.4,111.0,71.9,71.9,104.5,39.2,0.0,22.20
21-5-2022 11:00,0.0,0.264,91.4,111.0,71.9,71.9,104.5,39.2,0.0,21.70
21-5-2022 12:00,0.0,0.264,91.4,111.0,71.9,71.9,104.5,39.2,0.0,20.50
21-5-2022 13:00,0.0,0.264,91.4,111.0,71.9,71.9,104.5,39.2,0.0,20.00
21-5-2022 14:00,0.0,0.264,91.4,111.0,32.7,111.1,104.5,39.2,0.0,19.40
21-5-2022 15:00,0.0,0.264,91.4,111.0,32.7,111.1,104.5,39.2,0.0,19.00
21-5-2022 16:00,0.0,0.264,0.0,137.1,98.0,58.8,78.4,117.6,0.0,18.60
21-5-2022 17:00,0.0,0.264,0.0,137.1,98.0,58.8,78.4,117.6,0.0,16.26
21-5-2022 18:00,0.0,0.264,0.0,137.1,98.0,58.8,78.4,117.6,0.0,15.18
21-5-2022 19:00,0.0,0.264,0.0,137.1,98.0,58.8,78.4,117.6,0.0,15.12
21-5-2022 20:00,0.0,0.264,0.0,137.1,98.0,58.8,78.4,117.6,0.0,14.52
21-5-2022 21:00,0.0,0.264,0.0,137.1,98.0,58.8,78.4,117.6,0.0,14.34
21-5-2022 22:00,0.0,0.264,0.0,137.1,98.0,58.8,78.4,117.6,0.0,14.22
21-5-2022 23:00,0.0,0.264,0.0,137.1,98.0,58.8,78.4,117.6,0.0,13.98
22-5-2022 00:00,0.0,0.264,0.0,137.1,98.0,58.8,78.4,117.6,0.0,13.98
22-5-2022 01:00,0.0,0.264,0.0,137.1,98.0,58.8,78.4,117.6,0.0,13.44
22-5-2022 02:00,0.0,0.264,0.0,137.1,98.0,58.8,78.4,117.6,0.0,13.20
22-5-2022 03:00,0.0,0.264,0.0,137.1,98.0,58.8,78.4,117.6,0.0,12.72
22-5-2022 04:00,0.0,0.264,0.0,137.1,98.0,58.8,78.4,117.6,0.0,12.36
22-5-2022 05:00,0.0,0.264,0.0,137.1,98.0,58.8,78.4,117.6,0.0,11.46
22-5-2022 06:00,0.0,0.264,0.0,137.1,98.0,58.8,78.4,117.6,0.0,10.98
22-5-2022 07:00,0.0,0.264,0.0,137.1,98.0,58.8,78.4,117.6,0.0,10.32
22-5-2022 08:00,0.0,0.264,0.0,137.1,98.0,58.8,78.4,117.6,0.0,10.32
22-5-2022 09:00,0.0,0.264,0.0,91.4,143.7,58.8,52.3,143.7,0.0,10.08
22-5-2022 10:00,0.0,0.264,0.0,91.4,111.0,71.9,71.9,104.5,39.2,9.62
22-5-2022 11:00,0.0,0.264,0.0,91.4,111.0,71.9,71.9,104.5,39.2,9.26
22-5-2022 12:00,0.0,0.264,0.0,91.4,111.0,71.9,71.9,104.5,39.2,8.66
22-5-2022 13:00,0.0,0.264,0.0,91.4,111.0,71.9,71.9,104.5,39.2,7.38
22-5-2022 14:00,0.0,0.264,0.0,91.4,111.0,32.7,111.1,104.5,39.2,6.90
22-5-2022 15:00,0.0,0.264,0.0,91.4,111.0,32.7,111.1,104.5,39.2,6.10
22-5-2022 16:00,0.0,0.265,0.0,0.0,137.1,98.0,58.8,78.4,117.6,5.39
22-5-2022 17:00,0.0,0.265,0.0,0.0,137.1,98.0,58.8,78.4,117.6,5.28
22-5-2022 18:00,0.0,0.265,0.0,0.0,137.1,98.0,58.8,78.4,117.6,4.99
22-5-2022 19:00,0.0,0.265,0.0,0.0,137.1,98.0,58.8,78.4,117.6,4.88
22-5-2022 20:00,0.0,0.265,0.0,0.0,137.1,98.0,58.8,78.4,117.6,5.12
22-5-2022 21:00,0.0,0.265,0.0,0.0,137.1,98.0,58.8,78.4,117.6,4.86
22-5-2022 22:00,0.0,0.265,0.0,0.0,137.1,98.0,58.8,78.4,117.6,5.15
22-5-2022 23:00,0.0,0.265,0.0,0.0,137.1,98.0,58.8,78.4,117.6,4.89
23-5-2022 00:00,0.0,0.265,0.0,0.0,137.1,98.0,58.8,78.4,117.6,4.78
23-5-2022 01:00,0.0,0.265,0.0,0.0,137.1,98.0,58.8,78.4,117.6,4.82
23-5-2022 02:00,0.0,0.265,0.0,0.0,137.1,98.0,58.8,78.4,117.6,4.61
23-5-2022 03:00,0.0,0.265,0.0,0.0,137.1,98.0,58.8,78.4,117.6,4.93
23-5-2022 04:00,0.0,0.265,0.0,0.0,137.1,98.0,58.8,78.4,117.6,4.96
23-5-2022 05:00,0.0,0.265,0.0,0.0,137.1,98.0,58.8,78.4,117.6,5.02
23-5-2022 06:00,0.0,0.265,0.0,0.0,137.1,98.0,58.8,78.4,117.6,5.11
23-5-2022 07:00,0.0,0.265,0.0,0.0,137.1,98.0,58.8,78.4,117.6,5.25
23-5-2022 08:00,0.0,0.265,0.0,0.0,137.1,98.0,58.8,78.4,117.6,5.79
23-5-2022 09:00,39.2,0.265,39.2,0.0,91.4,143.7,58.8,52.3,143.7,6.43
23-5-2022 10:00,0.0,0.265,39.2,0.0,91.4,111.0,71.9,71.9,104.5,7.37
23-5-2022 11:00,0.0,0.266,39.2,0.0,91.4,111.0,71.9,71.9,104.5,8.20
23-5-2022 12:00,0.0,0.267,39.2,0.0,91.4,111.0,71.9,71.9,104.5,8.83
23-5-2022 13:00,0.0,0.269,39.2,0.0,91.4,111.0,71.9,71.9,104.5,9.32
23-5-2022 14:00,0.0,0.270,39.2,0.0,91.4,111.0,32.7,111.1,104.5,9.63
23-5-2022 15:00,0.0,0.271,39.2,0.0,91.4,111.0,32.7,111.1,104.5,10.00
23-5-2022 16:00,78.4,0.272,117.6,0.0,0.0,137.1,98.0,58.8,78.4,10.00
23-5-2022 17:00,0.0,0.273,117.6,0.0,0.0,137.1,98.0,58.8,78.4,10.00
23-5-2022 18:00,0.0,0.275,117.6,0.0,0.0,137.1,98.0,58.8,78.4,10.00
23-5-2022 19:00,0.0,0.276,117.6,0.0,0.0,137.1,98.0,58.8,78.4,10.00
23-5-2022 20:00,0.0,0.277,117.6,0.0,0.0,137.1,98.0,58.8,78.4,10.00
23-5-2022 21:00,0.0,0.278,117.6,0.0,0.0,137.1,98.0,58.8,78.4,10.00
23-5-2022 22:00,0.0,0.280,117.6,0.0,0.0,137.1,98.0,58.8,78.4,10.00
23-5-2022 23:00,0.0,0.281,117.6,0.0,0.0,137.1,98.0,58.8,78.4,10.00
24-5-2022 00:00,0.0,0.282,117.6,0.0,0.0,137.1,98.0,58.8,78.4,10.00
24-5-2022 01:00,0.0,0.283,117.6,0.0,0.0,137.1,98.0,58.8,78.4,10.00
24-5-2022 02:00,0.0,0.284,117.6,0.0,0.0,137.1,98.0,58.8,78.4,10.00
24-5-2022 03:00,0.0,0.286,117.6,0.0,0.0,137.1,98.0,58.8,78.4,10.00
24-5-2022 04:00,0.0,0.287,117.6,0.0,0.0,137.1,98.0,58.8,78.4,10.00
24-5-2022 05:00,0.0,0.288,117.6,0.0,0.0,137.1,98.0,58.8,78.4,10.00
24-5-2022 06:00,0.0,0.289,117.6,0.0,0.0,137.1,98.0,58.8,78.4,10.00
24-5-2022 07:00,0.0,0.290,117.6,0.0,0.0,137.1,98.0,58.8,78.4,10.00
24-5-2022 08:00,0.0,0.292,117.6,0.0,0.0,137.1,98.0,58.8,78.4,10.00
24-5-2022 09:00,0.0,0.293,78.4,39.2,0.0,91.4,143.7,58.8,52.3,10.00
24-5-2022 10:00,26.1,0.294,104.5,39.2,0.0,91.4,111.0,71.9,71.9,10.01
24-5-2022 11:00,0.0,0.295,104.5,39.2,0.0,91.4,111.0,71.9,71.9,10.93
24-5-2022 12:00,0.0,0.297,104.5,39.2,0.0,91.4,111.0,71.9,71.9,11.77
24-5-2022 13:00,0.0,0.298,104.5,39.2,0.0,91.4,111.0,71.9,71.9,12.09
24-5-2022 14:00,0.0,0.300,104.5,39.2,0.0,91.4,111.0,32.7,111.1,12.37
24-5-2022 15:00,0.0,0.301,104.5,39.2,0.0,91.4,111.0,32.7,111.1,12.79
24-5-2022 16:00,52.3,0.303,78.4,117.6,0.0,0.0,137.1,98.0,58.8,13.00
24-5-2022 17:00,0.0,0.304,78.4,117.6,0.0,0.0,137.1,98.0,58.8,13.35
24-5-2022 18:00,0.0,0.306,78.4,117.6,0.0,0.0,137.1,98.0,58.8,13.75
24-5-2022 19:00,0.0,0.307,78.4,117.6,0.0,0.0,137.1,98.0,58.8,14.16
24-5-2022 20:00,0.0,0.309,78.4,117.6,0.0,0.0,137.1,98.0,58.8,14.56
24-5-2022 21:00,0.0,0.310,78.4,117.6,0.0,0.0,137.1,98.0,58.8,14.97
24-5-2022 22:00,0.0,0.312,78.4,117.6,0.0,0.0,137.1,98.0,58.8,15.37
24-5-2022 23:00,0.0,0.313,78.4,117.6,0.0,0.0,137.1,98.0,58.8,15.78
25-5-2022 00:00,0.0,0.315,78.4,117.6,0.0,0.0,137.1,98.0,58.8,16.18
25-5-2022 01:00,0.0,0.316,78.4,117.6,0.0,0.0,137.1,98.0,58.8,16.61
25-5-2022 02:00,0.0,0.318,78.4,117.6,0.0,0.0,137.1,98.0,58.8,17.16
25-5-2022 03:00,0.0,0.319,78.4,117.6,0.0,0.0,137.1,98.0,58.8,17.47
25-5-2022 04:00,0.0,0.321,78.4,117.6,0.0,0.0,137.1,98.0,58.8,17.89
25-5-2022 05:00,0.0,0.322,78.4,117.6,0.0,0.0,137.1,98.0,58.8,18.31
25-5-2022 06:00,0.0,0.324,78.4,117.6,0.0,0.0,137.1,98.0,58.8,18.73
25-5-2022 07:00,0.0,0.325,78.4,117.6,0.0,0.0,137.1,98.0,58.8,19.15
25-5-2022 08:00,0.0,0.327,78.4,117.6,0.0,0.0,137.1,98.0,58.8,19.57
25-5-2022 09:00,0.0,0.328,78.4,78.4,39.2,0.0,91.4,143.7,58.8,19.99
25-5-2022 10:00,45.7,0.328,98.0,104.5,39.2,0.0,91.4,111.0,71.9,20.39
25-5-2022 11:00,0.0,0.328,98.0,104.5,39.2,0.0,91.4,111.0,71.9,21.87
25-5-2022 12:00,0.0,0.328,98.0,104.5,39.2,0.0,91.4,111.0,71.9,23.52
25-5-2022 13:00,0.0,0.328,98.0,104.5,39.2,0.0,91.4,111.0,71.9,23.81
25-5-2022 14:00,0.0,0.328,98.0,104.5,39.2,0.0,91.4,111.0,32.7,23.71
25-5-2022 15:00,0.0,0.328,98.0,104.5,39.2,0.0,91.4,111.0,32.7,24.25
25-5-2022 16:00,91.5,0.328,137.2,78.4,117.6,0.0,0.0,137.1,98.0,24.75
25-5-2022 17:00,0.0,0.328,137.2,78.4,117.6,0.0,0.0,137.1,98.0,25.64
25-5-2022 18:00,0.0,0.329,137.2,78.4,117.6,0.0,0.0,137.1,98.0,26.77
25-5-2022 19:00,0.0,0.329,137.2,78.4,117.6,0.0,0.0,137.1,98.0,27.41
25-5-2022 20:00,0.0,0.329,137.2,78.4,117.6,0.0,0.0,137.1,98.0,27.75
25-5-2022 21:00,0.0,0.329,137.2,78.4,117.6,0.0,0.0,137.1,98.0,25.89
25-5-2022 22:00,0.0,0.329,137.2,78.4,117.6,0.0,0.0,137.1,98.0,23.81
25-5-2022 23:00,0.0,0.329,137.2,78.4,117.6,0.0,0.0,137.1,98.0,22.09
26-5-2022 00:00,0.0,0.329,137.2,78.4,117.6,0.0,0.0,137.1,98.0,21.33
26-5-2022 01:00,0.0,0.329,137.2,78.4,117.6,0.0,0.0,137.1,98.0,22.86
26-5-2022 02:00,0.0,0.329,137.2,78.4,117.6,0.0,0.0,137.1,98.0,25.06
26-5-2022 03:00,0.0,0.329,137.2,78.4,117.6,0.0,0.0,137.1,98.0,26.77
26-5-2022 04:00,0.0,0.329,137.2,78.4,117.6,0.0,0.0,137.1,98.0,28.06
26-5-2022 05:00,0.0,0.329,137.2,78.4,117.6,0.0,0.0,137.1,98.0,29.28
26-5-2022 06:00,0.0,0.329,137.2,78.4,117.6,0.0,0.0,137.1,98.0,29.50
26-5-2022 07:00,0.0,0.329,137.2,78.4,117.6,0.0,0.0,137.1,98.0,29.58
26-5-2022 08:00,0.0,0.329,137.2,78.4,117.6,0.0,0.0,137.1,98.0,29.27
26-5-2022 09:00,0.0,0.329,137.2,78.4,78.4,39.2,0.0,91.4,143.7,28.16
26-5-2022 10:00,0.0,0.329,91.5,98.0,104.5,39.2,0.0,91.4,111.0,26.95
26-5-2022 11:00,0.0,0.330,91.5,98.0,104.5,39.2,0.0,91.4,111.0,24.80
26-5-2022 12:00,0.0,0.330,91.5,98.0,104.5,39.2,0.0,91.4,111.0,23.24
26-5-2022 13:00,0.0,0.330,91.5,98.0,104.5,39.2,0.0,91.4,111.0,22.78
26-5-2022 14:00,0.0,0.330,91.5,98.0,104.5,39.2,0.0,91.4,111.0,21.60
26-5-2022 15:00,0.0,0.330,91.5,98.0,104.5,39.2,0.0,91.4,111.0,21.00
26-5-2022 16:00,0.0,0.330,0.0,137.2,78.4,117.6,0.0,0.0,137.1,20.97
26-5-2022 17:00,0.0,0.330,0.0,137.2,78.4,117.6,0.0,0.0,137.1,19.97
26-5-2022 18:00,0.0,0.330,0.0,137.2,78.4,117.6,0.0,0.0,137.1,19.09
26-5-2022 19:00,0.0,0.330,0.0,137.2,78.4,117.6,0.0,0.0,137.1,19.15
26-5-2022 20:00,0.0,0.330,0.0,137.2,78.4,117.6,0.0,0.0,137.1,18.51
26-5-2022 21:00,0.0,0.330,0.0,137.2,78.4,117.6,0.0,0.0,137.1,17.72
26-5-2022 22:00,0.0,0.330,0.0,137.2,78.4,117.6,0.0,0.0,137.1,17.38
26-5-2022 23:00,0.0,0.330,0.0,137.2,78.4,117.6,0.0,0.0,137.1,16.99
27-5-2022 00:00,0.0,0.330,0.0,137.2,78.4,117.6,0.0,0.0,137.1,16.45
27-5-2022 01:00,0.0,0.330,0.0,137.2,78.4,117.6,0.0,0.0,137.1,16.05
27-5-2022 02:00,0.0,0.330,0.0,137.2,78.4,117.6,0.0,0.0,137.1,16.01
27-5-2022 03:00,0.0,0.330,0.0,137.2,78.4,117.6,0.0,0.0,137.1,14.90
27-5-2022 04:00,0.0,0.331,0.0,137.2,78.4,117.6,0.0,0.0,137.1,14.46
27-5-2022 05:00,0.0,0.331,0.0,137.2,78.4,117.6,0.0,0.0,137.1,14.61
27-5-2022 06:00,0.0,0.331,0.0,137.2,78.4,117.6,0.0,0.0,137.1,14.87
27-5-2022 07:00,0.0,0.331,0.0,137.2,78.4,117.6,0.0,0.0,137.1,15.66
27-5-2022 08:00,0.0,0.331,0.0,137.2,78.4,117.6,0.0,0.0,137.1,15.42
27-5-2022 09:00,0.0,0.331,0.0,137.2,78.4,78.4,39.2,0.0,91.4,14.95
27-5-2022 10:00,0.0,0.331,0.0,91.5,98.0,104.5,39.2,0.0,91.4,14.54
27-5-2022 11:00,0.0,0.331,0.0,91.5,98.0,104.5,39.2,0.0,91.4,14.09
27-5-2022 12:00,0.0,0.331,0.0,91.5,98.0,104.5,39.2,0.0,91.4,13.99
27-5-2022 13:00,0.0,0.331,0.0,91.5,98.0,104.5,39.2,0.0,91.4,13.64
27-5-2022 14:00,0.0,0.331,0.0,91.5,98.0,104.5,39.2,0.0,91.4,13.13
27-5-2022 15:00,0.0,0.331,0.0,91.5,98.0,104.5,39.2,0.0,91.4,12.83
27-5-2022 16:00,0.0,0.331,0.0,0.0,137.2,78.4,117.6,0.0,0.0,12.53
27-5-2022 17:00,0.0,0.331,0.0,0.0,137.2,78.4,117.6,0.0,0.0,12.57
27-5-2022 18:00,0.0,0.331,0.0,0.0,137.2,78.4,117.6,0.0,0.0,12.86
27-5-2022 19:00,0.0,0.331,0.0,0.0,137.2,78.4,117.6,0.0,0.0,13.13
27-5-2022 20:00,0.0,0.331,0.0,0.0,137.2,78.4,117.6,0.0,0.0,13.26
27-5-2022 21:00,0.0,0.332,0.0,0.0,137.2,78.4,117.6,0.0,0.0,13.28
27-5-2022 22:00,0.0,0.332,0.0,0.0,137.2,78.4,117.6,0.0,0.0,13.16
27-5-2022 23:00,0.0,0.332,0.0,0.0,137.2,78.4,117.6,0.0,0.0,12.89
28-5-2022 00:00,0.0,0.332,0.0,0.0,137.2,78.4,117.6,0.0,0.0,12.70
28-5-2022 01:00,0.0,0.332,0.0,0.0,137.2,78.4,117.6,0.0,0.0,12.41
28-5-2022 02:00,0.0,0.332,0.0,0.0,137.2,78.4,117.6,0.0,0.0,12.06
28-5-2022 03:00,0.0,0.332,0.0,0.0,137.2,78.4,117.6,0.0,0.0,11.77
28-5-2022 04:00,0.0,0.332,0.0,0.0,137.2,78.4,117.6,0.0,0.0,11.43
28-5-2022 05:00,0.0,0.332,0.0,0.0,137.2,78.4,117.6,0.0,0.0,10.93
28-5-2022 06:00,0.0,0.332,0.0,0.0,137.2,78.4,117.6,0.0,0.0,10.57
28-5-2022 07:00,0.0,0.332,0.0,0.0,137.2,78.4,117.6,0.0,0.0,10.42
28-5-2022 08:00,0.0,0.332,0.0,0.0,137.2,78.4,117.6,0.0,0.0,10.44
28-5-2022 09:00,0.0,0.332,0.0,0.0,137.2,78.4,78.4,39.2,0.0,10.24
28-5-2022 10:00,0.0,0.332,0.0,0.0,91.5,98.0,104.5,39.2,0.0,9.76
28-5-2022 11:00,0.0,0.332,0.0,0.0,91.5,98.0,104.5,39.2,0.0,9.77
28-5-2022 12:00,0.0,0.332,0.0,0.0,91.5,98.0,104.5,39.2,0.0,9.72
28-5-2022 13:00,0.0,0.332,0.0,0.0,91.5,98.0,104.5,39.2,0.0,9.72
28-5-2022 14:00,0.0,0.332,0.0,0.0,91.5,98.0,104.5,39.2,0.0,9.43
28-5-2022 15:00,0.0,0.333,0.0,0.0,91.5,98.0,104.5,39.2,0.0,8.97
28-5-2022 16:00,0.0,0.333,0.0,0.0,0.0,137.2,78.4,117.6,0.0,8.41
28-5-2022 17:00,0.0,0.333,0.0,0.0,0.0,137.2,78.4,117.6,0.0,8.13
28-5-2022 18:00,0.0,0.333,0.0,0.0,0.0,137.2,78.4,117.6,0.0,8.42
28-5-2022 19:00,0.0,0.333,0.0,0.0,0.0,137.2,78.4,117.6,0.0,8.30
28-5-2022 20:00,0.0,0.333,0.0,0.0,0.0,137.2,78.4,117.6,0.0,8.22
28-5-2022 21:00,0.0,0.333,0.0,0.0,0.0,137.2,78.4,117.6,0.0,8.07
28-5-2022 22:00,0.0,0.333,0.0,0.0,0.0,137.2,78.4,117.6,0.0,8.03
28-5-2022 23:00,0.0,0.333,0.0,0.0,0.0,137.2,78.4,117.6,0.0,7.89
29-5-2022 00:00,0.0,0.333,0.0,0.0,0.0,137.2,78.4,117.6,0.0,7.65
29-5-2022 01:00,0.0,0.333,0.0,0.0,0.0,137.2,78.4,117.6,0.0,7.52
29-5-2022 02:00,0.0,0.333,0.0,0.0,0.0,137.2,78.4,117.6,0.0,7.07
29-5-2022 03:00,0.0,0.333,0.0,0.0,0.0,137.2,78.4,117.6,0.0,6.95
29-5-2022 04:00,0.0,0.333,0.0,0.0,0.0,137.2,78.4,117.6,0.0,6.51
29-5-2022 05:00,0.0,0.333,0.0,0.0,0.0,137.2,78.4,117.6,0.0,5.73
29-5-2022 06:00,0.0,0.333,0.0,0.0,0.0,137.2,78.4,117.6,0.0,4.84
29-5-2022 07:00,0.0,0.333,0.0,0.0,0.0,137.2,78.4,117.6,0.0,4.63
29-5-2022 08:00,0.0,0.334,0.0,0.0,0.0,137.2,78.4,117.6,0.0,4.63
29-5-2022 09:00,0.0,0.334,0.0,0.0,0.0,137.2,78.4,78.4,39.2,4.63
29-5-2022 10:00,0.0,0.334,0.0,0.0,0.0,91.5,98.0,104.5,39.2,4.63
29-5-2022 11:00,0.0,0.334,0.0,0.0,0.0,91.5,98.0,104.5,39.2,4.63
29-5-2022 12:00,0.0,0.334,0.0,0.0,0.0,91.5,98.0,104.5,39.2,4.63
29-5-2022 13:00,0.0,0.334,0.0,0.0,0.0,91.5,98.0,104.5,39.2,4.63
29-5-2022 14:00,0.0,0.334,0.0,0.0,0.0,91.5,98.0,104.5,39.2,4.63
29-5-2022 15:00,0.0,0.334,0.0,0.0,0.0,91.5,98.0,104.5,39.2,4.63
29-5-2022 16:00,0.0,0.334,0.0,0.0,0.0,0.0,137.2,78.4,117.6,4.63
29-5-2022 17:00,0.0,0.334,0.0,0.0,0.0,0.0,137.2,78.4,117.6,4.63
29-5-2022 18:00,0.0,0.334,0.0,0.0,0.0,0.0,137.2,78.4,117.6,4.63
29-5-2022 19:00,0.0,0.334,0.0,0.0,0.0,0.0,137.2,78.4,117.6,4.63
29-5-2022 20:00,0.0,0.334,0.0,0.0,0.0,0.0,137.2,78.4,117.6,4.63
29-5-2022 21:00,0.0,0.334,0.0,0.0,0.0,0.0,137.2,78.4,117.6,4.63
29-5-2022 22:00,0.0,0.334,0.0,0.0,0.0,0.0,137.2,78.4,117.6,4.63
29-5-2022 23:00,0.0,0.334,0.0,0.0,0.0,0.0,137.2,78.4,117.6,4.63
30-5-2022 00:00,0.0,0.334,0.0,0.0,0.0,0.0,137.2,78.4,117.6,4.63
30-5-2022 01:00,0.0,0.335,0.0,0.0,0.0,0.0,137.2,78.4,117.6,4.63
30-5-2022 02:00,0.0,0.335,0.0,0.0,0.0,0.0,137.2,78.4,117.6,4.63
30-5-2022 03:00,0.0,0.335,0.0,0.0,0.0,0.0,137.2,78.4,117.6,4.63
30-5-2022 04:00,0.0,0.335,0.0,0.0,0.0,0.0,137.2,78.4,117.6,4.63
30-5-2022 05:00,0.0,0.335,0.0,0.0,0.0,0.0,137.2,78.4,117.6,4.63
30-5-2022 06:00,0.0,0.335,0.0,0.0,0.0,0.0,137.2,78.4,117.6,4.63
30-5-2022 07:00,0.0,0.335,0.0,0.0,0.0,0.0,137.2,78.4,117.6,4.63
30-5-2022 08:00,0.0,0.335,0.0,0.0,0.0,0.0,137.2,78.4,117.6,4.63
30-5-2022 09:00,39.2,0.335,39.2,0.0,0.0,0.0,137.2,78.4,78.4,4.63
30-5-2022 10:00,0.0,0.335,39.2,0.0,0.0,0.0,91.5,98.0,104.5,4.10
30-5-2022 11:00,0.0,0.336,39.2,0.0,0.0,0.0,91.5,98.0,104.5,5.92
30-5-2022 12:00,0.0,0.336,39.2,0.0,0.0,0.0,91.5,98.0,104.5,7.02
30-5-2022 13:00,0.0,0.336,39.2,0.0,0.0,0.0,91.5,98.0,104.5,7.34
30-5-2022 14:00,0.0,0.336,39.2,0.0,0.0,0.0,91.5,98.0,104.5,7.53
30-5-2022 15:00,0.0,0.337,39.2,0.0,0.0,0.0,91.5,98.0,104.5,7.94
30-5-2022 16:00,78.4,0.337,117.6,0.0,0.0,0.0,0.0,137.2,78.4,7.93
30-5-2022 17:00,0.0,0.337,117.6,0.0,0.0,0.0,0.0,137.2,78.4,7.56
30-5-2022 18:00,0.0,0.337,117.6,0.0,0.0,0.0,0.0,137.2,78.4,6.99
30-5-2022 19:00,0.0,0.338,117.6,0.0,0.0,0.0,0.0,137.2,78.4,6.95
30-5-2022 20:00,0.0,0.338,117.6,0.0,0.0,0.0,0.0,137.2,78.4,6.59
30-5-2022 21:00,0.0,0.338,117.6,0.0,0.0,0.0,0.0,137.2,78.4,5.24
30-5-2022 22:00,0.0,0.338,117.6,0.0,0.0,0.0,0.0,137.2,78.4,4.00
30-5-2022 23:00,0.0,0.339,117.6,0.0,0.0,0.0,0.0,137.2,78.4,4.00
31-5-2022 00:00,0.0,0.339,117.6,0.0,0.0,0.0,0.0,137.2,78.4,4.00
31-5-2022 01:00,0.0,0.339,117.6,0.0,0.0,0.0,0.0,137.2,78.4,4.04
31-5-2022 02:00,0.0,0.339,117.6,0.0,0.0,0.0,0.0,137.2,78.4,5.60
31-5-2022 03:00,0.0,0.340,117.6,0.0,0.0,0.0,0.0,137.2,78.4,7.24
31-5-2022 04:00,0.0,0.340,117.6,0.0,0.0,0.0,0.0,137.2,78.4,7.62
31-5-2022 05:00,0.0,0.340,117.6,0.0,0.0,0.0,0.0,137.2,78.4,7.77
31-5-2022 06:00,0.0,0.340,117.6,0.0,0.0,0.0,0.0,137.2,78.4,8.19
31-5-2022 07:00,0.0,0.340,117.6,0.0,0.0,0.0,0.0,137.2,78.4,8.39
31-5-2022 08:00,0.0,0.341,117.6,0.0,0.0,0.0,0.0,137.2,78.4,7.99
31-5-2022 09:00,0.0,0.341,78.4,39.2,0.0,0.0,0.0,137.2,78.4,7.05
31-5-2022 10:00,26.1,0.342,104.5,39.2,0.0,0.0,0.0,91.5,98.0,7.67
31-5-2022 11:00,0.0,0.343,104.5,39.2,0.0,0.0,0.0,91.5,98.0,8.03
31-5-2022 12:00,0.0,0.344,104.5,39.2,0.0,0.0,0.0,91.5,98.0,9.16
31-5-2022 13:00,0.0,0.345,104.5,39.2,0.0,0.0,0.0,91.5,98.0,10.73
31-5-2022 14:00,0.0,0.346,104.5,39.2,0.0,0.0,0.0,91.5,98.0,10.35
31-5-2022 15:00,52.3,0.347,156.8,39.2,0.0,0.0,0.0,91.5,98.0,10.54
31-5-2022 16:00,0.0,0.347,78.4,117.6,0.0,0.0,0.0,0.0,137.2,9.82
31-5-2022 17:00,0.0,0.348,78.4,117.6,0.0,0.0,0.0,0.0,137.2,10.91
31-5-2022 18:00,0.0,0.349,78.4,117.6,0.0,0.0,0.0,0.0,137.2,12.46
31-5-2022 19:00,0.0,0.350,78.4,117.6,0.0,0.0,0.0,0.0,137.2,13.52
31-5-2022 20:00,0.0,0.351,78.4,117.6,0.0,0.0,0.0,0.0,137.2,14.32
31-5-2022 21:00,0.0,0.352,78.4,117.6,0.0,0.0,0.0,0.0,137.2,14.60
31-5-2022 22:00,0.0,0.353,78.4,117.6,0.0,0.0,0.0,0.0,137.2,15.08
31-5-2022 23:00,0.0,0.354,78.4,117.6,0.0,0.0,0.0,0.0,137.2,15.52
1-6-2022 00:00,0.0,0.355,78.4,117.6,0.0,0.0,0.0,0.0,137.2,16.36
1-6-2022 01:00,0.0,0.356,78.4,117.6,0.0,0.0,0.0,0.0,137.2,15.80
1-6-2022 02:00,0.0,0.357,78.4,117.6,0.0,0.0,0.0,0.0,137.2,15.64
1-6-2022 03:00,0.0,0.358,78.4,117.6,0.0,0.0,0.0,0.0,137.2,15.55
1-6-2022 04:00,0.0,0.358,78.4,117.6,0.0,0.0,0.0,0.0,137.2,16.73
1-6-2022 05:00,0.0,0.359,78.4,117.6,0.0,0.0,0.0,0.0,137.2,18.38
1-6-2022 06:00,0.0,0.360,78.4,117.6,0.0,0.0,0.0,0.0,137.2,19.48
1-6-2022 07:00,0.0,0.361,78.4,117.6,0.0,0.0,0.0,0.0,137.2,20.74
1-6-2022 08:00,0.0,0.362,78.4,117.6,0.0,0.0,0.0,0.0,137.2,21.16
1-6-2022 09:00,0.0,0.363,78.4,78.4,39.2,0.0,0.0,0.0,137.2,20.27
1-6-2022 10:00,19.6,0.367,71.9,104.5,39.2,0.0,0.0,0.0,91.5,19.13
1-6-2022 11:00,0.0,0.371,71.9,104.5,39.2,0.0,0.0,0.0,91.5,18.45
1-6-2022 12:00,0.0,0.375,71.9,104.5,39.2,0.0,0.0,0.0,91.5,17.29
1-6-2022 13:00,0.0,0.379,71.9,104.5,39.2,0.0,0.0,0.0,91.5,17.00
1-6-2022 14:00,0.0,0.382,71.9,104.5,39.2,0.0,0.0,0.0,91.5,16.73
1-6-2022 15:00,0.0,0.386,19.6,156.8,39.2,0.0,0.0,0.0,91.5,15.75
1-6-2022 16:00,39.2,0.390,58.8,78.4,117.6,0.0,0.0,0.0,0.0,14.72
1-6-2022 17:00,0.0,0.394,58.8,78.4,117.6,0.0,0.0,0.0,0.0,13.85
1-6-2022 18:00,0.0,0.398,58.8,78.4,117.6,0.0,0.0,0.0,0.0,13.07
1-6-2022 19:00,0.0,0.402,58.8,78.4,117.6,0.0,0.0,0.0,0.0,12.14
1-6-2022 20:00,0.0,0.406,58.8,78.4,117.6,0.0,0.0,0.0,0.0,11.89
1-6-2022 21:00,0.0,0.410,58.8,78.4,117.6,0.0,0.0,0.0,0.0,11.65
1-6-2022 22:00,0.0,0.413,58.8,78.4,117.6,0.0,0.0,0.0,0.0,11.77
1-6-2022 23:00,0.0,0.417,58.8,78.4,117.6,0.0,0.0,0.0,0.0,12.03
2-6-2022 00:00,0.0,0.421,58.8,78.4,117.6,0.0,0.0,0.0,0.0,12.17
2-6-2022 01:00,0.0,0.425,58.8,78.4,117.6,0.0,0.0,0.0,0.0,12.84
2-6-2022 02:00,0.0,0.429,58.8,78.4,117.6,0.0,0.0,0.0,0.0,13.36
2-6-2022 03:00,0.0,0.433,58.8,78.4,117.6,0.0,0.0,0.0,0.0,13.95
2-6-2022 04:00,0.0,0.437,58.8,78.4,117.6,0.0,0.0,0.0,0.0,14.37
2-6-2022 05:00,0.0,0.441,58.8,78.4,117.6,0.0,0.0,0.0,0.0,13.93
2-6-2022 06:00,0.0,0.444,58.8,78.4,117.6,0.0,0.0,0.0,0.0,13.12
2-6-2022 07:00,0.0,0.448,58.8,78.4,117.6,0.0,0.0,0.0,0.0,12.27
2-6-2022 08:00,0.0,0.452,58.8,78.4,117.6,0.0,0.0,0.0,0.0,11.56
2-6-2022 09:00,32.7,0.456,91.5,78.4,78.4,39.2,0.0,0.0,0.0,10.95
2-6-2022 10:00,0.0,0.455,71.9,71.9,104.5,39.2,0.0,0.0,0.0,11.61
2-6-2022 11:00,0.0,0.454,71.9,71.9,104.5,39.2,0.0,0.0,0.0,12.97
2-6-2022 12:00,0.0,0.453,71.9,71.9,104.5,39.2,0.0,0.0,0.0,13.46
2-6-2022 13:00,0.0,0.452,71.9,71.9,104.5,39.2,0.0,0.0,0.0,14.41
2-6-2022 14:00,0.0,0.452,71.9,71.9,104.5,39.2,0.0,0.0,0.0,14.92
2-6-2022 15:00,0.0,0.451,71.9,19.6,156.8,39.2,0.0,0.0,0.0,13.65
2-6-2022 16:00,0.0,0.450,32.7,58.8,78.4,117.6,0.0,0.0,0.0,13.61
2-6-2022 17:00,0.0,0.449,32.7,58.8,78.4,117.6,0.0,0.0,0.0,13.73
2-6-2022 18:00,0.0,0.448,32.7,58.8,78.4,117.6,0.0,0.0,0.0,14.23
2-6-2022 19:00,0.0,0.447,32.7,58.8,78.4,117.6,0.0,0.0,0.0,15.49
2-6-2022 20:00,0.0,0.446,32.7,58.8,78.4,117.6,0.0,0.0,0.0,15.77
2-6-2022 21:00,0.0,0.445,32.7,58.8,78.4,117.6,0.0,0.0,0.0,15.63
2-6-2022 22:00,0.0,0.445,32.7,58.8,78.4,117.6,0.0,0.0,0.0,14.54
2-6-2022 23:00,0.0,0.444,32.7,58.8,78.4,117.6,0.0,0.0,0.0,13.87
3-6-2022 00:00,0.0,0.443,32.7,58.8,78.4,117.6,0.0,0.0,0.0,14.80
3-6-2022 01:00,0.0,0.442,32.7,58.8,78.4,117.6,0.0,0.0,0.0,16.00
3-6-2022 02:00,0.0,0.441,32.7,58.8,78.4,117.6,0.0,0.0,0.0,15.83
3-6-2022 03:00,0.0,0.440,32.7,58.8,78.4,117.6,0.0,0.0,0.0,15.25
3-6-2022 04:00,0.0,0.439,32.7,58.8,78.4,117.6,0.0,0.0,0.0,13.99
3-6-2022 05:00,0.0,0.438,32.7,58.8,78.4,117.6,0.0,0.0,0.0,13.58
3-6-2022 06:00,0.0,0.438,32.7,58.8,78.4,117.6,0.0,0.0,0.0,14.05
3-6-2022 07:00,0.0,0.437,32.7,58.8,78.4,117.6,0.0,0.0,0.0,14.50
3-6-2022 08:00,0.0,0.436,32.7,58.8,78.4,117.6,0.0,0.0,0.0,14.35
3-6-2022 09:00,0.0,0.435,0.0,91.5,78.4,78.4,39.2,0.0,0.0,13.36
3-6-2022 10:00,45.7,0.434,45.7,71.9,71.9,104.5,39.2,0.0,0.0,13.54
3-6-2022 11:00,0.0,0.433,45.7,71.9,71.9,104.5,39.2,0.0,0.0,14.30
3-6-2022 12:00,0.0,0.432,45.7,71.9,71.9,104.5,39.2,0.0,0.0,15.43
3-6-2022 13:00,0.0,0.431,45.7,71.9,71.9,104.5,39.2,0.0,0.0,16.54
3-6-2022 14:00,0.0,0.430,45.7,71.9,71.9,104.5,39.2,0.0,0.0,16.09
3-6-2022 15:00,0.0,0.429,45.7,71.9,19.6,156.8,39.2,0.0,0.0,15.76
3-6-2022 16:00,91.5,0.428,137.2,32.7,58.8,78.4,117.6,0.0,0.0,16.09
3-6-2022 17:00,0.0,0.427,137.2,32.7,58.8,78.4,117.6,0.0,0.0,16.53
3-6-2022 18:00,0.0,0.426,137.2,32.7,58.8,78.4,117.6,0.0,0.0,17.82
3-6-2022 19:00,0.0,0.425,137.2,32.7,58.8,78.4,117.6,0.0,0.0,18.23
3-6-2022 20:00,0.0,0.424,137.2,32.7,58.8,78.4,117.6,0.0,0.0,17.85
3-6-2022 21:00,0.0,0.423,137.2,32.7,58.8,78.4,117.6,0.0,0.0,17.83
3-6-2022 22:00,0.0,0.422,137.2,32.7,58.8,78.4,117.6,0.0,0.0,18.00
3-6-2022 23:00,0.0,0.421,137.2,32.7,58.8,78.4,117.6,0.0,0.0,18.07
4-6-2022 00:00,0.0,0.420,137.2,32.7,58.8,78.4,117.6,0.0,0.0,18.64
4-6-2022 01:00,0.0,0.419,137.2,32.7,58.8,78.4,117.6,0.0,0.0,18.58
4-6-2022 02:00,0.0,0.418,137.2,32.7,58.8,78.4,117.6,0.0,0.0,18.36
4-6-2022 03:00,0.0,0.417,137.2,32.7,58.8,78.4,117.6,0.0,0.0,18.61
4-6-2022 04:00,0.0,0.416,137.2,32.7,58.8,78.4,117.6,0.0,0.0,18.96
4-6-2022 05:00,0.0,0.415,137.2,32.7,58.8,78.4,117.6,0.0,0.0,19.93
4-6-2022 06:00,0.0,0.414,137.2,32.7,58.8,78.4,117.6,0.0,0.0,21.07
4-6-2022 07:00,0.0,0.413,137.2,32.7,58.8,78.4,117.6,0.0,0.0,22.43
4-6-2022 08:00,0.0,0.412,137.2,32.7,58.8,78.4,117.6,0.0,0.0,23.25
4-6-2022 09:00,0.0,0.411,137.2,0.0,91.5,78.4,78.4,39.2,0.0,23.47
4-6-2022 10:00,0.0,0.410,91.5,45.7,71.9,71.9,104.5,39.2,0.0,23.25
4-6-2022 11:00,0.0,0.409,91.5,45.7,71.9,71.9,104.5,39.2,0.0,22.73
4-6-2022 12:00,0.0,0.408,91.5,45.7,71.9,71.9,104.5,39.2,0.0,22.51
4-6-2022 13:00,0.0,0.407,91.5,45.7,71.9,71.9,104.5,39.2,0.0,22.69
4-6-2022 14:00,0.0,0.406,91.5,45.7,71.9,71.9,104.5,39.2,0.0,22.61
4-6-2022 15:00,0.0,0.405,91.5,45.7,71.9,19.6,156.8,39.2,0.0,22.75
4-6-2022 16:00,0.0,0.404,0.0,137.2,32.7,58.8,78.4,117.6,0.0,22.67
4-6-2022 17:00,0.0,0.403,0.0,137.2,32.7,58.8,78.4,117.6,0.0,22.07
4-6-2022 18:00,0.0,0.402,0.0,137.2,32.7,58.8,78.4,117.6,0.0,21.75
4-6-2022 19:00,0.0,0.401,0.0,137.2,32.7,58.8,78.4,117.6,0.0,21.19
4-6-2022 20:00,0.0,0.400,0.0,137.2,32.7,58.8,78.4,117.6,0.0,20.66
4-6-2022 21:00,0.0,0.399,0.0,137.2,32.7,58.8,78.4,117.6,0.0,20.05
4-6-2022 22:00,0.0,0.398,0.0,137.2,32.7,58.8,78.4,117.6,0.0,19.56
4-6-2022 23:00,0.0,0.397,0.0,137.2,32.7,58.8,78.4,117.6,0.0,19.03
5-6-2022 00:00,0.0,0.396,0.0,137.2,32.7,58.8,78.4,117.6,0.0,18.22
5-6-2022 01:00,0.0,0.395,0.0,137.2,32.7,58.8,78.4,117.6,0.0,17.42
5-6-2022 02:00,0.0,0.394,0.0,137.2,32.7,58.8,78.4,117.6,0.0,16.79
5-6-2022 03:00,0.0,0.393,0.0,137.2,32.7,58.8,78.4,117.6,0.0,15.99
5-6-2022 04:00,0.0,0.392,0.0,137.2,32.7,58.8,78.4,117.6,0.0,14.88
5-6-2022 05:00,0.0,0.391,0.0,137.2,32.7,58.8,78.4,117.6,0.0,13.87
5-6-2022 06:00,0.0,0.390,0.0,137.2,32.7,58.8,78.4,117.6,0.0,12.91
5-6-2022 07:00,0.0,0.389,0.0,137.2,32.7,58.8,78.4,117.6,0.0,12.49
5-6-2022 08:00,0.0,0.388,0.0,137.2,32.7,58.8,78.4,117.6,0.0,12.76
5-6-2022 09:00,0.0,0.387,0.0,137.2,0.0,91.5,78.4,78.4,39.2,12.81
5-6-2022 10:00,0.0,0.387,0.0,91.5,45.7,71.9,71.9,104.5,39.2,12.69
5-6-2022 11:00,0.0,0.386,0.0,91.5,45.7,71.9,71.9,104.5,39.2,12.28
5-6-2022 12:00,0.0,0.385,0.0,91.5,45.7,71.9,71.9,104.5,39.2,11.67
5-6-2022 13:00,0.0,0.384,0.0,91.5,45.7,71.9,71.9,104.5,39.2,11.36
5-6-2022 14:00,0.0,0.383,0.0,91.5,45.7,71.9,71.9,104.5,39.2,11.11
5-6-2022 15:00,0.0,0.382,0.0,91.5,45.7,71.9,19.6,156.8,39.2,11.48
5-6-2022 16:00,0.0,0.381,0.0,0.0,137.2,32.7,58.8,78.4,117.6,12.34
5-6-2022 17:00,0.0,0.380,0.0,0.0,137.2,32.7,58.8,78.4,117.6,13.23
5-6-2022 18:00,0.0,0.379,0.0,0.0,137.2,32.7,58.8,78.4,117.6,14.06
5-6-2022 19:00,0.0,0.378,0.0,0.0,137.2,32.7,58.8,78.4,117.6,14.15
5-6-2022 20:00,0.0,0.377,0.0,0.0,137.2,32.7,58.8,78.4,117.6,13.87
5-6-2022 21:00,0.0,0.376,0.0,0.0,137.2,32.7,58.8,78.4,117.6,13.71
5-6-2022 22:00,0.0,0.375,0.0,0.0,137.2,32.7,58.8,78.4,117.6,13.51
5-6-2022 23:00,0.0,0.374,0.0,0.0,137.2,32.7,58.8,78.4,117.6,13.50
6-6-2022 00:00,0.0,0.373,0.0,0.0,137.2,32.7,58.8,78.4,117.6,13.47
6-6-2022 01:00,0.0,0.372,0.0,0.0,137.2,32.7,58.8,78.4,117.6,13.31
6-6-2022 02:00,0.0,0.371,0.0,0.0,137.2,32.7,58.8,78.4,117.6,13.15
6-6-2022 03:00,0.0,0.370,0.0,0.0,137.2,32.7,58.8,78.4,117.6,12.99
6-6-2022 04:00,0.0,0.369,0.0,0.0,137.2,32.7,58.8,78.4,117.6,12.86
6-6-2022 05:00,0.0,0.368,0.0,0.0,137.2,32.7,58.8,78.4,117.6,12.70
6-6-2022 06:00,0.0,0.367,0.0,0.0,137.2,32.7,58.8,78.4,117.6,12.30
6-6-2022 07:00,0.0,0.366,0.0,0.0,137.2,32.7,58.8,78.4,117.6,11.56
6-6-2022 08:00,0.0,0.365,0.0,0.0,137.2,32.7,58.8,78.4,117.6,10.36
6-6-2022 09:00,0.0,0.364,0.0,0.0,137.2,0.0,91.5,78.4,78.4,9.30
6-6-2022 10:00,0.0,0.363,0.0,0.0,91.5,45.7,71.9,71.9,104.5,8.45
6-6-2022 11:00,0.0,0.362,0.0,0.0,91.5,45.7,71.9,71.9,104.5,7.86
6-6-2022 12:00,0.0,0.361,0.0,0.0,91.5,45.7,71.9,71.9,104.5,7.94
6-6-2022 13:00,0.0,0.360,0.0,0.0,91.5,45.7,71.9,71.9,104.5,7.79
6-6-2022 14:00,0.0,0.359,0.0,0.0,91.5,45.7,71.9,71.9,104.5,7.59
6-6-2022 15:00,0.0,0.358,0.0,0.0,91.5,45.7,71.9,19.6,156.8,7.54
6-6-2022 16:00,0.0,0.357,0.0,0.0,0.0,137.2,32.7,58.8,78.4,7.21
6-6-2022 17:00,0.0,0.356,0.0,0.0,0.0,137.2,32.7,58.8,78.4,7.14
6-6-2022 18:00,0.0,0.355,0.0,0.0,0.0,137.2,32.7,58.8,78.4,6.97
6-6-2022 19:00,0.0,0.354,0.0,0.0,0.0,137.2,32.7,58.8,78.4,6.73
6-6-2022 20:00,0.0,0.353,0.0,0.0,0.0,137.2,32.7,58.8,78.4,6.75
6-6-2022 21:00,0.0,0.352,0.0,0.0,0.0,137.2,32.7,58.8,78.4,6.49
6-6-2022 22:00,0.0,0.351,0.0,0.0,0.0,137.2,32.7,58.8,78.4,6.59
6-6-2022 23:00,0.0,0.350,0.0,0.0,0.0,137.2,32.7,58.8,78.4,6.56
7-6-2022 00:00,0.0,0.349,0.0,0.0,0.0,137.2,32.7,58.8,78.4,6.49
7-6-2022 01:00,0.0,0.348,0.0,0.0,0.0,137.2,32.7,58.8,78.4,6.39
7-6-2022 02:00,0.0,0.347,0.0,0.0,0.0,137.2,32.7,58.8,78.4,6.37
7-6-2022 03:00,0.0,0.346,0.0,0.0,0.0,137.2,32.7,58.8,78.4,6.15
7-6-2022 04:00,0.0,0.345,0.0,0.0,0.0,137.2,32.7,58.8,78.4,6.12
7-6-2022 05:00,0.0,0.344,0.0,0.0,0.0,137.2,32.7,58.8,78.4,5.98
7-6-2022 06:00,0.0,0.343,0.0,0.0,0.0,137.2,32.7,58.8,78.4,5.92
7-6-2022 07:00,0.0,0.342,0.0,0.0,0.0,137.2,32.7,58.8,78.4,5.95
7-6-2022 08:00,0.0,0.341,0.0,0.0,0.0,137.2,32.7,58.8,78.4,5.86
7-6-2022 09:00,0.0,0.34,0.0,0.0,0.0,137.2,0.0,91.5,78.4,5.66
7-6-2022 10:00,39.2,0.340,39.2,0.0,0.0,91.5,45.7,71.9,71.9,5.47
7-6-2022 11:00,0.0,0.340,39.2,0.0,0.0,91.5,45.7,71.9,71.9,5.50
7-6-2022 12:00,0.0,0.340,39.2,0.0,0.0,91.5,45.7,71.9,71.9,5.52
7-6-2022 13:00,0.0,0.340,39.2,0.0,0.0,91.5,45.7,71.9,71.9,5.84
7-6-2022 14:00,0.0,0.339,39.2,0.0,0.0,91.5,45.7,71.9,71.9,5.98
7-6-2022 15:00,0.0,0.339,39.2,0.0,0.0,91.5,45.7,71.9,19.6,6.76
7-6-2022 16:00,78.4,0.339,117.6,0.0,0.0,0.0,137.2,32.7,58.8,7.57
7-6-2022 17:00,0.0,0.339,117.6,0.0,0.0,0.0,137.2,32.7,58.8,8.54
7-6-2022 18:00,0.0,0.339,117.6,0.0,0.0,0.0,137.2,32.7,58.8,9.57
7-6-2022 19:00,0.0,0.339,117.6,0.0,0.0,0.0,137.2,32.7,58.8,10.08
7-6-2022 20:00,0.0,0.339,117.6,0.0,0.0,0.0,137.2,32.7,58.8,9.57
7-6-2022 21:00,0.0,0.339,117.6,0.0,0.0,0.0,137.2,32.7,58.8,9.20
7-6-2022 22:00,0.0,0.338,117.6,0.0,0.0,0.0,137.2,32.7,58.8,8.39
7-6-2022 23:00,0.0,0.338,117.6,0.0,0.0,0.0,137.2,32.7,58.8,7.36
8-6-2022 00:00,0.0,0.338,117.6,0.0,0.0,0.0,137.2,32.7,58.8,7.33
8-6-2022 01:00,0.0,0.338,117.6,0.0,0.0,0.0,137.2,32.7,58.8,6.92
8-6-2022 02:00,0.0,0.338,117.6,0.0,0.0,0.0,137.2,32.7,58.8,7.04
8-6-2022 03:00,0.0,0.338,117.6,0.0,0.0,0.0,137.2,32.7,58.8,7.36
8-6-2022 04:00,0.0,0.338,117.6,0.0,0.0,0.0,137.2,32.7,58.8,7.69
8-6-2022 05:00,0.0,0.338,117.6,0.0,0.0,0.0,137.2,32.7,58.8,8.30
8-6-2022 06:00,0.0,0.337,117.6,0.0,0.0,0.0,137.2,32.7,58.8,8.93
8-6-2022 07:00,0.0,0.337,117.6,0.0,0.0,0.0,137.2,32.7,58.8,9.73
8-6-2022 08:00,0.0,0.337,117.6,0.0,0.0,0.0,137.2,32.7,58.8,10.08
8-6-2022 09:00,0.0,0.337,117.6,0.0,0.0,0.0,137.2,0.0,91.5,10.39
8-6-2022 10:00,0.0,0.337,78.4,39.2,0.0,0.0,91.5,45.7,71.9,10.76
8-6-2022 11:00,19.6,0.337,98.0,39.2,0.0,0.0,91.5,45.7,71.9,11.00
8-6-2022 12:00,0.0,0.338,98.0,39.2,0.0,0.0,91.5,45.7,71.9,11.29
8-6-2022 13:00,0.0,0.338,98.0,39.2,0.0,0.0,91.5,45.7,71.9,11.84
8-6-2022 14:00,0.0,0.338,98.0,39.2,0.0,0.0,91.5,45.7,71.9,12.22
8-6-2022 15:00,0.0,0.338,98.0,39.2,0.0,0.0,91.5,45.7,71.9,12.83
8-6-2022 16:00,39.2,0.339,58.8,117.6,0.0,0.0,0.0,137.2,32.7,13.65
8-6-2022 17:00,0.0,0.339,58.8,117.6,0.0,0.0,0.0,137.2,32.7,13.90
8-6-2022 18:00,0.0,0.339,58.8,117.6,0.0,0.0,0.0,137.2,32.7,13.57
8-6-2022 19:00,0.0,0.339,58.8,117.6,0.0,0.0,0.0,137.2,32.7,13.28
8-6-2022 20:00,0.0,0.340,58.8,117.6,0.0,0.0,0.0,137.2,32.7,13.24
8-6-2022 21:00,0.0,0.340,58.8,117.6,0.0,0.0,0.0,137.2,32.7,13.39
8-6-2022 22:00,0.0,0.340,58.8,117.6,0.0,0.0,0.0,137.2,32.7,14.08
8-6-2022 23:00,0.0,0.340,58.8,117.6,0.0,0.0,0.0,137.2,32.7,14.62
9-6-2022 00:00,0.0,0.341,58.8,117.6,0.0,0.0,0.0,137.2,32.7,14.99
9-6-2022 01:00,0.0,0.341,58.8,117.6,0.0,0.0,0.0,137.2,32.7,15.35
9-6-2022 02:00,0.0,0.341,58.8,117.6,0.0,0.0,0.0,137.2,32.7,15.76
9-6-2022 03:00,0.0,0.341,58.8,117.6,0.0,0.0,0.0,137.2,32.7,16.03
9-6-2022 04:00,0.0,0.342,58.8,117.6,0.0,0.0,0.0,137.2,32.7,16.40
9-6-2022 05:00,0.0,0.342,58.8,117.6,0.0,0.0,0.0,137.2,32.7,17.03
9-6-2022 06:00,0.0,0.342,58.8,117.6,0.0,0.0,0.0,137.2,32.7,17.60
9-6-2022 07:00,0.0,0.342,58.8,117.6,0.0,0.0,0.0,137.2,32.7,18.32
9-6-2022 08:00,0.0,0.343,58.8,117.6,0.0,0.0,0.0,137.2,32.7,18.96
9-6-2022 09:00,32.7,0.343,91.5,117.6,0.0,0.0,0.0,137.2,0.0,19.39
9-6-2022 10:00,0.0,0.343,91.5,78.4,39.2,0.0,0.0,91.5,45.7,20.81
9-6-2022 11:00,0.0,0.345,71.9,98.0,39.2,0.0,0.0,91.5,45.7,22.20
9-6-2022 12:00,0.0,0.347,71.9,98.0,39.2,0.0,0.0,91.5,45.7,23.69
9-6-2022 13:00,0.0,0.349,71.9,98.0,39.2,0.0,0.0,91.5,45.7,25.13
9-6-2022 14:00,0.0,0.352,71.9,98.0,39.2,0.0,0.0,91.5,45.7,25.63
9-6-2022 15:00,0.0,0.354,71.9,98.0,39.2,0.0,0.0,91.5,45.7,25.51
9-6-2022 16:00,65.4,0.356,98.1,58.8,117.6,0.0,0.0,0.0,137.2,25.81
9-6-2022 17:00,0.0,0.358,98.1,58.8,117.6,0.0,0.0,0.0,137.2,26.59
9-6-2022 18:00,0.0,0.360,98.1,58.8,117.6,0.0,0.0,0.0,137.2,27.37
9-6-2022 19:00,0.0,0.362,98.1,58.8,117.6,0.0,0.0,0.0,137.2,28.45
9-6-2022 20:00,0.0,0.364,98.1,58.8,117.6,0.0,0.0,0.0,137.2,29.04
9-6-2022 21:00,0.0,0.366,98.1,58.8,117.6,0.0,0.0,0.0,137.2,29.05
9-6-2022 22:00,0.0,0.369,98.1,58.8,117.6,0.0,0.0,0.0,137.2,29.03
9-6-2022 23:00,0.0,0.371,98.1,58.8,117.6,0.0,0.0,0.0,137.2,29.04
10-6-2022 00:00,0.0,0.373,98.1,58.8,117.6,0.0,0.0,0.0,137.2,28.93
10-6-2022 01:00,0.0,0.375,98.1,58.8,117.6,0.0,0.0,0.0,137.2,28.79
10-6-2022 02:00,0.0,0.377,98.1,58.8,117.6,0.0,0.0,0.0,137.2,28.40
10-6-2022 03:00,0.0,0.379,98.1,58.8,117.6,0.0,0.0,0.0,137.2,27.95
10-6-2022 04:00,0.0,0.381,98.1,58.8,117.6,0.0,0.0,0.0,137.2,27.36
10-6-2022 05:00,0.0,0.383,98.1,58.8,117.6,0.0,0.0,0.0,137.2,26.72
10-6-2022 06:00,0.0,0.386,98.1,58.8,117.6,0.0,0.0,0.0,137.2,26.02
10-6-2022 07:00,0.0,0.388,98.1,58.8,117.6,0.0,0.0,0.0,137.2,25.34
10-6-2022 08:00,0.0,0.390,98.1,58.8,117.6,0.0,0.0,0.0,137.2,23.95
10-6-2022 09:00,0.0,0.392,65.4,91.5,117.6,0.0,0.0,0.0,137.2,22.33
10-6-2022 10:00,45.7,0.391,111.1,91.5,78.4,39.2,0.0,0.0,91.5,20.98
10-6-2022 11:00,0.0,0.391,111.1,71.9,98.0,39.2,0.0,0.0,91.5,19.77
10-6-2022 12:00,0.0,0.390,111.1,71.9,98.0,39.2,0.0,0.0,91.5,20.05
10-6-2022 13:00,0.0,0.389,111.1,71.9,98.0,39.2,0.0,0.0,91.5,20.90
10-6-2022 14:00,0.0,0.389,111.1,71.9,98.0,39.2,0.0,0.0,91.5,21.55
10-6-2022 15:00,0.0,0.388,111.1,71.9,98.0,39.2,0.0,0.0,91.5,21.88
10-6-2022 16:00,91.3,0.387,137.0,98.1,58.8,117.6,0.0,0.0,0.0,20.18
10-6-2022 17:00,0.0,0.387,137.0,98.1,58.8,117.6,0.0,0.0,0.0,18.94
10-6-2022 18:00,0.0,0.386,137.0,98.1,58.8,117.6,0.0,0.0,0.0,17.89
10-6-2022 19:00,0.0,0.385,137.0,98.1,58.8,117.6,0.0,0.0,0.0,17.54
10-6-2022 20:00,0.0,0.385,137.0,98.1,58.8,117.6,0.0,0.0,0.0,18.58
10-6-2022 21:00,0.0,0.384,137.0,98.1,58.8,117.6,0.0,0.0,0.0,19.15
10-6-2022 22:00,0.0,0.383,137.0,98.1,58.8,117.6,0.0,0.0,0.0,19.81
10-6-2022 23:00,0.0,0.382,137.0,98.1,58.8,117.6,0.0,0.0,0.0,20.28
11-6-2022 00:00,0.0,0.382,137.0,98.1,58.8,117.6,0.0,0.0,0.0,21.06
11-6-2022 01:00,0.0,0.381,137.0,98.1,58.8,117.6,0.0,0.0,0.0,22.06
11-6-2022 02:00,0.0,0.380,137.0,98.1,58.8,117.6,0.0,0.0,0.0,22.93
11-6-2022 03:00,0.0,0.380,137.0,98.1,58.8,117.6,0.0,0.0,0.0,23.77
11-6-2022 04:00,0.0,0.379,137.0,98.1,58.8,117.6,0.0,0.0,0.0,24.41
11-6-2022 05:00,0.0,0.378,137.0,98.1,58.8,117.6,0.0,0.0,0.0,24.79
11-6-2022 06:00,0.0,0.378,137.0,98.1,58.8,117.6,0.0,0.0,0.0,25.19
11-6-2022 07:00,0.0,0.377,137.0,98.1,58.8,117.6,0.0,0.0,0.0,25.47
11-6-2022 08:00,0.0,0.376,137.0,98.1,58.8,117.6,0.0,0.0,0.0,25.76
11-6-2022 09:00,0.0,0.376,137.0,65.4,91.5,117.6,0.0,0.0,0.0,26.05
11-6-2022 10:00,0.0,0.375,91.3,111.1,91.5,78.4,39.2,0.0,0.0,26.36
11-6-2022 11:00,0.0,0.374,91.3,111.1,71.9,98.0,39.2,0.0,0.0,26.59
11-6-2022 12:00,0.0,0.374,91.3,111.1,71.9,98.0,39.2,0.0,0.0,26.70
11-6-2022 13:00,0.0,0.373,91.3,111.1,71.9,98.0,39.2,0.0,0.0,26.77
11-6-2022 14:00,0.0,0.372,91.3,111.1,71.9,98.0,39.2,0.0,0.0,26.68
11-6-2022 15:00,0.0,0.372,91.3,111.1,71.9,98.0,39.2,0.0,0.0,26.59
11-6-2022 16:00,0.0,0.371,0.0,137.0,98.1,58.8,117.6,0.0,0.0,26.08
11-6-2022 17:00,0.0,0.370,0.0,137.0,98.1,58.8,117.6,0.0,0.0,25.62
11-6-2022 18:00,0.0,0.370,0.0,137.0,98.1,58.8,117.6,0.0,0.0,25.18
11-6-2022 19:00,0.0,0.369,0.0,137.0,98.1,58.8,117.6,0.0,0.0,24.72
11-6-2022 20:00,0.0,0.368,0.0,137.0,98.1,58.8,117.6,0.0,0.0,23.98
11-6-2022 21:00,0.0,0.367,0.0,137.0,98.1,58.8,117.6,0.0,0.0,23.15
11-6-2022 22:00,0.0,0.367,0.0,137.0,98.1,58.8,117.6,0.0,0.0,22.46
11-6-2022 23:00,0.0,0.366,0.0,137.0,98.1,58.8,117.6,0.0,0.0,21.52
12-6-2022 00:00,0.0,0.365,0.0,137.0,98.1,58.8,117.6,0.0,0.0,20.23
12-6-2022 01:00,0.0,0.365,0.0,137.0,98.1,58.8,117.6,0.0,0.0,18.52
12-6-2022 02:00,0.0,0.364,0.0,137.0,98.1,58.8,117.6,0.0,0.0,16.70
12-6-2022 03:00,0.0,0.363,0.0,137.0,98.1,58.8,117.6,0.0,0.0,15.16
12-6-2022 04:00,0.0,0.363,0.0,137.0,98.1,58.8,117.6,0.0,0.0,14.69
12-6-2022 05:00,0.0,0.362,0.0,137.0,98.1,58.8,117.6,0.0,0.0,14.71
12-6-2022 06:00,0.0,0.361,0.0,137.0,98.1,58.8,117.6,0.0,0.0,14.73
12-6-2022 07:00,0.0,0.361,0.0,137.0,98.1,58.8,117.6,0.0,0.0,15.02
12-6-2022 08:00,0.0,0.360,0.0,137.0,98.1,58.8,117.6,0.0,0.0,15.30
12-6-2022 09:00,0.0,0.359,0.0,137.0,65.4,91.5,117.6,0.0,0.0,15.06
12-6-2022 10:00,0.0,0.359,0.0,91.3,111.1,91.5,78.4,39.2,0.0,14.72
12-6-2022 11:00,0.0,0.358,0.0,91.3,111.1,71.9,98.0,39.2,0.0,14.18
12-6-2022 12:00,0.0,0.357,0.0,91.3,111.1,71.9,98.0,39.2,0.0,13.72
12-6-2022 13:00,0.0,0.357,0.0,91.3,111.1,71.9,98.0,39.2,0.0,14.11
12-6-2022 14:00,0.0,0.356,0.0,91.3,111.1,71.9,98.0,39.2,0.0,14.59
12-6-2022 15:00,0.0,0.355,0.0,91.3,111.1,71.9,98.0,39.2,0.0,15.04
12-6-2022 16:00,0.0,0.355,0.0,0.0,137.0,98.1,58.8,117.6,0.0,15.54
12-6-2022 17:00,0.0,0.354,0.0,0.0,137.0,98.1,58.8,117.6,0.0,15.82
12-6-2022 18:00,0.0,0.353,0.0,0.0,137.0,98.1,58.8,117.6,0.0,16.03
12-6-2022 19:00,0.0,0.353,0.0,0.0,137.0,98.1,58.8,117.6,0.0,16.16
12-6-2022 20:00,0.0,0.352,0.0,0.0,137.0,98.1,58.8,117.6,0.0,16.11
12-6-2022 21:00,0.0,0.351,0.0,0.0,137.0,98.1,58.8,117.6,0.0,15.81
12-6-2022 22:00,0.0,0.350,0.0,0.0,137.0,98.1,58.8,117.6,0.0,15.53
12-6-2022 23:00,0.0,0.350,0.0,0.0,137.0,98.1,58.8,117.6,0.0,15.32
13-6-2022 00:00,0.0,0.349,0.0,0.0,137.0,98.1,58.8,117.6,0.0,15.01
13-6-2022 01:00,0.0,0.348,0.0,0.0,137.0,98.1,58.8,117.6,0.0,14.78
13-6-2022 02:00,0.0,0.348,0.0,0.0,137.0,98.1,58.8,117.6,0.0,14.57
13-6-2022 03:00,0.0,0.347,0.0,0.0,137.0,98.1,58.8,117.6,0.0,14.30
13-6-2022 04:00,0.0,0.346,0.0,0.0,137.0,98.1,58.8,117.6,0.0,14.15
13-6-2022 05:00,0.0,0.346,0.0,0.0,137.0,98.1,58.8,117.6,0.0,13.98
13-6-2022 06:00,0.0,0.345,0.0,0.0,137.0,98.1,58.8,117.6,0.0,13.78
13-6-2022 07:00,0.0,0.344,0.0,0.0,137.0,98.1,58.8,117.6,0.0,13.55
15-6-2022 16:00,39.2,0.301,39.2,0.0,137.0,98.1,58.8,117.6,0.0,26.16
15-6-2022 17:00,0.0,0.302,39.2,0.0,137.0,65.4,91.5,117.6,0.0,28.68
15-6-2022 18:00,0.0,0.303,39.2,0.0,91.3,111.1,91.5,78.4,39.2,28.08
15-6-2022 19:00,0.0,0.303,39.2,0.0,91.3,111.1,71.9,98.0,39.2,29.88
15-6-2022 20:00,0.0,0.304,39.2,0.0,91.3,111.1,71.9,98.0,39.2,29.88
15-6-2022 21:00,0.0,0.305,39.2,0.0,91.3,111.1,71.9,98.0,39.2,30.48
15-6-2022 22:00,0.0,0.305,39.2,0.0,91.3,111.1,71.9,98.0,39.2,30.60
15-6-2022 23:00,0.0,0.306,39.2,0.0,91.3,111.1,71.9,98.0,39.2,30.60
16-6-2022 00:00,0.0,0.306,39.2,0.0,0.0,137.0,98.1,58.8,117.6,30.50
16-6-2022 01:00,0.0,0.307,39.2,0.0,0.0,137.0,98.1,58.8,117.6,30.30
16-6-2022 02:00,0.0,0.308,39.2,0.0,0.0,137.0,98.1,58.8,117.6,30.20
16-6-2022 03:00,0.0,0.308,39.2,0.0,0.0,137.0,98.1,58.8,117.6,30.00
16-6-2022 04:00,0.0,0.309,39.2,0.0,0.0,137.0,98.1,58.8,117.6,29.90
16-6-2022 05:00,0.0,0.310,39.2,0.0,0.0,137.0,98.1,58.8,117.6,29.7
16-6-2022 06:00,0.0,0.310,39.2,0.0,0.0,137.0,98.1,58.8,117.6,29.20
16-6-2022 07:00,0.0,0.311,39.2,0.0,0.0,137.0,98.1,58.8,117.6,28.44
16-6-2022 08:00,0.0,0.311,39.2,0.0,0.0,137.0,98.1,58.8,117.6,27.80
16-6-2022 09:00,32.7,0.312,71.9,0.0,0.0,137.0,98.1,58.8,117.6,27.24
16-6-2022 10:00,0.0,0.311,71.9,0.0,0.0,137.0,98.1,58.8,117.6,26.8
16-6-2022 11:00,0.0,0.311,71.9,0.0,0.0,137.0,98.1,58.8,117.6,26.4
16-6-2022 12:00,0.0,0.310,71.9,0.0,0.0,137.0,98.1,58.8,117.6,26.04
16-6-2022 13:00,0.0,0.310,71.9,0.0,0.0,137.0,98.1,58.8,117.6,25.75
16-6-2022 14:00,0.0,0.309,71.9,0.0,0.0,137.0,98.1,58.8,117.6,25.65
16-6-2022 15:00,0.0,0.309,71.9,0.0,0.0,137.0,98.1,58.8,117.6,25.44
16-6-2022 16:00,65.3,0.308,98.0,39.2,0.0,137.0,98.1,58.8,117.6,25.08
16-6-2022 17:00,0.0,0.307,98.0,39.2,0.0,137.0,65.4,91.5,117.6,24.38
16-6-2022 18:00,0.0,0.307,98.0,39.2,0.0,91.3,111.1,91.5,78.4,23.86
16-6-2022 19:00,0.0,0.306,98.0,39.2,0.0,91.3,111.1,71.9,98.0,23.25
16-6-2022 20:00,0.0,0.306,98.0,39.2,0.0,91.3,111.1,71.9,98.0,22.96
16-6-2022 21:00,0.0,0.305,98.0,39.2,0.0,91.3,111.1,71.9,98.0,22.42
16-6-2022 22:00,0.0,0.304,98.0,39.2,0.0,91.3,111.1,71.9,98.0,21.68
16-6-2022 23:00,0.0,0.304,98.0,39.2,0.0,91.3,111.1,71.9,98.0,21.28
17-6-2022 00:00,0.0,0.303,98.0,39.2,0.0,0.0,137.0,98.1,58.8,20.73
17-6-2022 01:00,0.0,0.303,98.0,39.2,0.0,0.0,137.0,98.1,58.8,20.40
17-6-2022 02:00,0.0,0.302,98.0,39.2,0.0,0.0,137.0,98.1,58.8,20.60
17-6-2022 03:00,0.0,0.302,98.0,39.2,0.0,0.0,137.0,98.1,58.8,20.65
17-6-2022 04:00,0.0,0.301,98.0,39.2,0.0,0.0,137.0,98.1,58.8,20.40
17-6-2022 05:00,0.0,0.300,98.0,39.2,0.0,0.0,137.0,98.1,58.8,20.47
17-6-2022 06:00,0.0,0.300,98.0,39.2,0.0,0.0,137.0,98.1,58.8,20.36
17-6-2022 07:00,0.0,0.299,98.0,39.2,0.0,0.0,137.0,98.1,58.8,20.18
17-6-2022 08:00,0.0,0.299,98.0,39.2,0.0,0.0,137.0,98.1,58.8,19.54
17-6-2022 09:00,0.0,0.298,65.3,71.9,0.0,0.0,137.0,98.1,58.8,19.29
17-6-2022 10:00,45.7,0.297,111.0,71.9,0.0,0.0,137.0,98.1,58.8,19.45
17-6-2022 11:00,0.0,0.297,111.0,71.9,0.0,0.0,137.0,98.1,58.8,19.81
17-6-2022 12:00,0.0,0.296,111.0,71.9,0.0,0.0,137.0,98.1,58.8,21.16
17-6-2022 13:00,0.0,0.295,111.0,71.9,0.0,0.0,137.0,98.1,58.8,21.70
17-6-2022 14:00,0.0,0.294,111.0,71.9,0.0,0.0,137.0,98.1,58.8,21.85
17-6-2022 15:00,0.0,0.294,111.0,71.9,0.0,0.0,137.0,98.1,58.8,21.87
17-6-2022 16:00,0.0,0.293,45.7,98.0,39.2,0.0,137.0,98.1,58.8,21.35
17-6-2022 17:00,0.0,0.292,45.7,98.0,39.2,0.0,137.0,65.4,91.5,21.37
17-6-2022 18:00,0.0,0.291,45.7,98.0,39.2,0.0,91.3,111.1,91.5,21.32
17-6-2022 19:00,0.0,0.291,45.7,98.0,39.2,0.0,91.3,111.1,71.9,21.38
17-6-2022 20:00,0.0,0.290,45.7,98.0,39.2,0.0,91.3,111.1,71.9,22.02
17-6-2022 21:00,0.0,0.289,45.7,98.0,39.2,0.0,91.3,111.1,71.9,22.05
17-6-2022 22:00,0.0,0.288,45.7,98.0,39.2,0.0,91.3,111.1,71.9,21.80
17-6-2022 23:00,0.0,0.288,45.7,98.0,39.2,0.0,91.3,111.1,71.9,21.19
18-6-2022 00:00,0.0,0.287,45.7,98.0,39.2,0.0,0.0,137.0,98.1,20.58
18-6-2022 01:00,0.0,0.286,45.7,98.0,39.2,0.0,0.0,137.0,98.1,20.20
18-6-2022 02:00,0.0,0.285,45.7,98.0,39.2,0.0,0.0,137.0,98.1,20.09
18-6-2022 03:00,0.0,0.285,45.7,98.0,39.2,0.0,0.0,137.0,98.1,20.52
18-6-2022 04:00,0.0,0.284,45.7,98.0,39.2,0.0,0.0,137.0,98.1,20.69
18-6-2022 05:00,0.0,0.283,45.7,98.0,39.2,0.0,0.0,137.0,98.1,20.62
18-6-2022 06:00,0.0,0.282,45.7,98.0,39.2,0.0,0.0,137.0,98.1,20.23
18-6-2022 07:00,0.0,0.282,45.7,98.0,39.2,0.0,0.0,137.0,98.1,19.04
18-6-2022 08:00,0.0,0.281,45.7,98.0,39.2,0.0,0.0,137.0,98.1,18.73
18-6-2022 09:00,0.0,0.280,45.7,65.3,71.9,0.0,0.0,137.0,98.1,18.38
18-6-2022 10:00,0.0,0.279,0.0,111.0,71.9,0.0,0.0,137.0,98.1,18.38
18-6-2022 11:00,0.0,0.279,0.0,111.0,71.9,0.0,0.0,137.0,98.1,18.75
18-6-2022 12:00,0.0,0.278,0.0,111.0,71.9,0.0,0.0,137.0,98.1,18.14
18-6-2022 13:00,0.0,0.277,0.0,111.0,71.9,0.0,0.0,137.0,98.1,17.82
18-6-2022 14:00,0.0,0.276,0.0,111.0,71.9,0.0,0.0,137.0,98.1,17.20
18-6-2022 15:00,0.0,0.276,0.0,111.0,71.9,0.0,0.0,137.0,98.1,16.45
18-6-2022 16:00,0.0,0.275,0.0,45.7,98.0,39.2,0.0,137.0,98.1,15.87
18-6-2022 17:00,0.0,0.274,0.0,45.7,98.0,39.2,0.0,137.0,65.4,15.36
18-6-2022 18:00,0.0,0.273,0.0,45.7,98.0,39.2,0.0,91.3,111.1,15.71
18-6-2022 19:00,0.0,0.273,0.0,45.7,98.0,39.2,0.0,91.3,111.1,16.34
18-6-2022 20:00,0.0,0.272,0.0,45.7,98.0,39.2,0.0,91.3,111.1,17.00
18-6-2022 21:00,0.0,0.271,0.0,45.7,98.0,39.2,0.0,91.3,111.1,17.29
18-6-2022 22:00,0.0,0.270,0.0,45.7,98.0,39.2,0.0,91.3,111.1,16.99
18-6-2022 23:00,0.0,0.270,0.0,45.7,98.0,39.2,0.0,91.3,111.1,15.43
19-6-2022 00:00,0.0,0.269,0.0,45.7,98.0,39.2,0.0,0.0,137.0,15.25
19-6-2022 01:00,0.0,0.268,0.0,45.7,98.0,39.2,0.0,0.0,137.0,15.07
19-6-2022 02:00,0.0,0.267,0.0,45.7,98.0,39.2,0.0,0.0,137.0,14.89
19-6-2022 03:00,0.0,0.267,0.0,45.7,98.0,39.2,0.0,0.0,137.0,14.71
19-6-2022 04:00,0.0,0.266,0.0,45.7,98.0,39.2,0.0,0.0,137.0,14.53
19-6-2022 05:00,0.0,0.265,0.0,45.7,98.0,39.2,0.0,0.0,137.0,14.35
19-6-2022 06:00,0.0,0.264,0.0,45.7,98.0,39.2,0.0,0.0,137.0,14.16
19-6-2022 07:00,0.0,0.264,0.0,45.7,98.0,39.2,0.0,0.0,137.0,14.13
19-6-2022 08:00,0.0,0.263,0.0,45.7,98.0,39.2,0.0,0.0,137.0,13.80
19-6-2022 09:00,0.0,0.262,0.0,45.7,65.3,71.9,0.0,0.0,137.0,13.47
19-6-2022 10:00,0.0,0.261,0.0,0.0,111.0,71.9,0.0,0.0,137.0,13.14
19-6-2022 11:00,0.0,0.261,0.0,0.0,111.0,71.9,0.0,0.0,137.0,12.81
19-6-2022 12:00,0.0,0.260,0.0,0.0,111.0,71.9,0.0,0.0,137.0,12.48
19-6-2022 13:00,0.0,0.259,0.0,0.0,111.0,71.9,0.0,0.0,137.0,12.15
19-6-2022 14:00,0.0,0.258,0.0,0.0,111.0,71.9,0.0,0.0,137.0,11.82
19-6-2022 15:00,0.0,0.258,0.0,0.0,111.0,71.9,0.0,0.0,137.0,11.48
19-6-2022 16:00,0.0,0.257,0.0,0.0,45.7,98.0,39.2,0.0,137.0,11.56
19-6-2022 17:00,0.0,0.256,0.0,0.0,45.7,98.0,39.2,0.0,137.0,11.33
19-6-2022 18:00,0.0,0.255,0.0,0.0,45.7,98.0,39.2,0.0,91.3,11.04
19-6-2022 19:00,0.0,0.255,0.0,0.0,45.7,98.0,39.2,0.0,91.3,10.81
19-6-2022 20:00,0.0,0.254,0.0,0.0,45.7,98.0,39.2,0.0,91.3,10.61
19-6-2022 21:00,0.0,0.253,0.0,0.0,45.7,98.0,39.2,0.0,91.3,10.37
19-6-2022 22:00,0.0,0.252,0.0,0.0,45.7,98.0,39.2,0.0,91.3,10.19
19-6-2022 23:00,0.0,0.252,0.0,0.0,45.7,98.0,39.2,0.0,91.3,10.00
20-6-2022 00:00,0.0,0.251,0.0,0.0,45.7,98.0,39.2,0.0,0.0,9.80
20-6-2022 01:00,0.0,0.250,0.0,0.0,45.7,98.0,39.2,0.0,0.0,9.69
20-6-2022 02:00,0.0,0.249,0.0,0.0,45.7,98.0,39.2,0.0,0.0,9.56
20-6-2022 03:00,0.0,0.249,0.0,0.0,45.7,98.0,39.2,0.0,0.0,9.43
20-6-2022 04:00,0.0,0.248,0.0,0.0,45.7,98.0,39.2,0.0,0.0,9.30
20-6-2022 05:00,0.0,0.247,0.0,0.0,45.7,98.0,39.2,0.0,0.0,9.16
20-6-2022 06:00,0.0,0.246,0.0,0.0,45.7,98.0,39.2,0.0,0.0,9.11
20-6-2022 07:00,0.0,0.246,0.0,0.0,45.7,98.0,39.2,0.0,0.0,9.01